solid OpenSCAD_Model
  facet normal -1.6565899824149617e-18 -0.9396926207859085 -0.34202014332566877
    outer loop
      vertex -55 -1.8793852415718169 4.315959713348662
      vertex -6.8 -2.1283555449518246 5
      vertex -55 -9.403828394736529 24.989197370638646
    endloop
  endfacet
  facet normal 5.571305154828025e-18 0.3420201433256688 -0.9396926207859082
    outer loop
      vertex -55 -1.8793852415718169 4.315959713348662
      vertex -55 1.8793852415718169 5.684040286651338
      vertex -6.8 -9.43689570931383e-16 5
    endloop
  endfacet
  facet normal -1 0 0
    outer loop
      vertex -55 -1.8793852415718169 4.315959713348662
      vertex -55 -5.645057911592895 26.357277943941323
      vertex -55 1.8793852415718169 5.684040286651338
    endloop
  endfacet
  facet normal -4.0403879061145716e-17 -0.9396926207859082 -0.3420201433256688
    outer loop
      vertex -55 -9.403828394736529 24.989197370638646
      vertex -6.8 -2.1283555449518246 5
      vertex 6.8 -2.1283555449518246 5
    endloop
  endfacet
  facet normal 0 -0.9396926207859084 -0.3420201433256688
    outer loop
      vertex -55 -1.8793852415718169 4.315959713348662
      vertex -6.8 -1.8793852415718169 4.315959713348662
      vertex -6.8 -2.1283555449518246 5
    endloop
  endfacet
  facet normal 0 0.342020143325669 -0.9396926207859082
    outer loop
      vertex -55 -1.8793852415718169 4.315959713348662
      vertex -6.8 -9.43689570931383e-16 5
      vertex -6.8 -1.8793852415718169 4.315959713348662
    endloop
  endfacet
  facet normal 0 0.34202014332566866 -0.9396926207859083
    outer loop
      vertex -55 1.8793852415718169 5.684040286651338
      vertex 55 1.8793852415718169 5.684040286651338
      vertex -6.8 -9.43689570931383e-16 5
    endloop
  endfacet
  facet normal -1 0 0
    outer loop
      vertex -55 -1.8793852415718169 4.315959713348662
      vertex -55 -9.403828394736529 24.989197370638646
      vertex -55 -5.645057911592895 26.357277943941323
    endloop
  endfacet
  facet normal 1.5039422148156553e-18 0.9396926207859083 0.3420201433256687
    outer loop
      vertex -55 1.8793852415718169 5.684040286651338
      vertex -55 -5.645057911592895 26.357277943941323
      vertex 47 -5.645057911592895 26.357277943941323
    endloop
  endfacet
  facet normal 1 0 0
    outer loop
      vertex 55 -8.825556012714431 25.199671304992904
      vertex 55 -5.645057911592895 26.357277943941323
      vertex 55 -9.409461899311863 26.26416026962972
    endloop
  endfacet
  facet normal -9.862592442701866e-18 -0.9396926207859084 -0.3420201433256687
    outer loop
      vertex -55 -9.403828394736529 24.989197370638646
      vertex 6.8 -2.1283555449518246 5
      vertex 55 -1.8793852415718169 4.315959713348662
    endloop
  endfacet
  facet normal 0 -0.9396926207859084 -0.3420201433256688
    outer loop
      vertex 55 -1.8793852415718169 4.315959713348662
      vertex 6.8 -2.1283555449518246 5
      vertex 6.8 -1.8793852415718169 4.315959713348662
    endloop
  endfacet
  facet normal 0 0.3420201433256687 -0.9396926207859084
    outer loop
      vertex 55 -1.8793852415718169 4.315959713348662
      vertex 6.8 -1.8793852415718169 4.315959713348662
      vertex 6.8 9.43689570931383e-16 5
    endloop
  endfacet
  facet normal -4.340805251871121e-17 0.34202014332567 -0.9396926207859079
    outer loop
      vertex 55 1.8793852415718169 5.684040286651338
      vertex 6.8 9.43689570931383e-16 5
      vertex -6.8 -9.43689570931383e-16 5
    endloop
  endfacet
  facet normal 0 0.9396926207859084 0.3420201433256687
    outer loop
      vertex -55 1.8793852415718169 5.684040286651338
      vertex 55 -5.645057911592895 26.357277943941323
      vertex 55 1.8793852415718169 5.684040286651338
    endloop
  endfacet
  facet normal 1 0 0
    outer loop
      vertex 55 -1.8793852415718169 4.315959713348662
      vertex 55 1.8793852415718169 5.684040286651338
      vertex 55 -8.825556012714431 25.199671304992904
    endloop
  endfacet
  facet normal 7.266954646105444e-18 0.3420201433256688 -0.9396926207859082
    outer loop
      vertex 55 -1.8793852415718169 4.315959713348662
      vertex 6.8 9.43689570931383e-16 5
      vertex 55 1.8793852415718169 5.684040286651338
    endloop
  endfacet
  facet normal 0 -0.9396926207859083 -0.3420201433256687
    outer loop
      vertex -55 -9.403828394736529 24.989197370638646
      vertex 55 -1.8793852415718169 4.315959713348662
      vertex 47 -9.403828394736529 24.989197370638646
    endloop
  endfacet
  facet normal 1.917526323889959e-17 0.9396926207859086 0.3420201433256684
    outer loop
      vertex -55 1.8793852415718169 5.684040286651338
      vertex 47 -5.645057911592895 26.357277943941323
      vertex 55 -5.645057911592895 26.357277943941323
    endloop
  endfacet
  facet normal 1.9175263238899605e-17 -0.9396926207859084 -0.3420201433256687
    outer loop
      vertex 55 -1.8793852415718169 4.315959713348662
      vertex 55 -9.403828394736529 24.989197370638646
      vertex 47 -9.403828394736529 24.989197370638646
    endloop
  endfacet
  facet normal 1 0 0
    outer loop
      vertex 55 -1.8793852415718169 4.315959713348662
      vertex 55 -8.825556012714431 25.199671304992904
      vertex 55 -9.403828394736529 24.989197370638646
    endloop
  endfacet
  facet normal 1 0 0
    outer loop
      vertex 55 -8.825556012714431 25.199671304992904
      vertex 55 1.8793852415718169 5.684040286651338
      vertex 55 -5.645057911592895 26.357277943941323
    endloop
  endfacet
  facet normal 1 0 0
    outer loop
      vertex 55 -9.409461899311863 26.26416026962972
      vertex 55 -5.645057911592895 26.357277943941323
      vertex 55 -6.055482083583697 27.484909088884415
    endloop
  endfacet
  facet normal -1 0 0
    outer loop
      vertex -55 -15.041984119451978 22.937076510684633
      vertex -55 -14.197641198120149 27.926774400456804
      vertex -55 -13.103176739478009 24.919758013941898
    endloop
  endfacet
  facet normal -1 0 0
    outer loop
      vertex -55 -15.041984119451978 22.937076510684633
      vertex -55 -17.09410497940599 28.575232235400083
      vertex -55 -14.197641198120149 27.926774400456804
    endloop
  endfacet
  facet normal -1 0 0
    outer loop
      vertex -55 -15.041984119451978 22.937076510684633
      vertex -55 -13.103176739478009 24.919758013941898
      vertex -55 -2.7665579108330176 28.681979590524254
    endloop
  endfacet
  facet normal -1 0 0
    outer loop
      vertex -55 -17.09410497940599 28.575232235400083
      vertex -55 -2.059023046831456 34.04755452861079
      vertex -55 -14.197641198120149 27.926774400456804
    endloop
  endfacet
  facet normal -1 0 0
    outer loop
      vertex -55 -15.041984119451978 22.937076510684633
      vertex -55 -2.7665579108330176 28.681979590524254
      vertex -55 -9.403828394736529 24.989197370638646
    endloop
  endfacet
  facet normal 0 0.3420201433256687 -0.9396926207859083
    outer loop
      vertex -55 -15.041984119451978 22.937076510684633
      vertex -55 -9.403828394736529 24.989197370638646
      vertex 47 -15.041984119451978 22.937076510684633
    endloop
  endfacet
  facet normal 1.3431065561737095e-18 -0.9396926207859084 -0.34202014332566877
    outer loop
      vertex -55 -15.041984119451978 22.937076510684633
      vertex 55 -17.09410497940599 28.575232235400083
      vertex -55 -17.09410497940599 28.575232235400083
    endloop
  endfacet
  facet normal 0 -0.3420201433256691 0.9396926207859083
    outer loop
      vertex -55 -17.09410497940599 28.575232235400083
      vertex 55 -17.09410497940599 28.575232235400083
      vertex -55 -2.059023046831456 34.04755452861079
    endloop
  endfacet
  facet normal -1 0 0
    outer loop
      vertex -55 -9.403828394736529 24.989197370638646
      vertex -55 -2.7665579108330176 28.681979590524254
      vertex -55 -5.645057911592895 26.357277943941323
    endloop
  endfacet
  facet normal -1 0 0
    outer loop
      vertex -55 -14.197641198120149 27.926774400456804
      vertex -55 -2.059023046831456 34.04755452861079
      vertex -55 -3.8610223694751573 31.68899597703916
    endloop
  endfacet
  facet normal -1 0 0
    outer loop
      vertex -55 -5.645057911592895 26.357277943941323
      vertex -55 -2.7665579108330176 28.681979590524254
      vertex -55 -0.006902186877444372 28.409398803895336
    endloop
  endfacet
  facet normal -1 0 0
    outer loop
      vertex -55 -2.7665579108330176 28.681979590524254
      vertex -55 -3.8610223694751573 31.68899597703916
      vertex -55 -0.006902186877444372 28.409398803895336
    endloop
  endfacet
  facet normal -1 0 0
    outer loop
      vertex -55 -3.8610223694751573 31.68899597703916
      vertex -55 -2.059023046831456 34.04755452861079
      vertex -55 -0.006902186877444372 28.409398803895336
    endloop
  endfacet
  facet normal 0 0.3420201433256687 -0.9396926207859084
    outer loop
      vertex -55 -5.645057911592895 26.357277943941323
      vertex -55 -0.006902186877444372 28.409398803895336
      vertex 47 -5.645057911592895 26.357277943941323
    endloop
  endfacet
  facet normal 3.2683132218406604e-18 0.9396926207859083 0.34202014332566844
    outer loop
      vertex -55 -0.006902186877444372 28.409398803895336
      vertex -55 -2.059023046831456 34.04755452861079
      vertex 45.78247714198256 -0.14825682722016964 28.797767486372102
    endloop
  endfacet
  facet normal 2.052007561420912e-17 -0.9396926207859081 -0.34202014332566905
    outer loop
      vertex -55 -15.041984119451978 22.937076510684633
      vertex 45.58578643762691 -16.209713931399268 26.145387801033802
      vertex 45.78247714198256 -16.26871005241193 26.307478311351502
    endloop
  endfacet
  facet normal 2.2151552790555217e-16 -0.9396926207859064 -0.34202014332567415
    outer loop
      vertex -55 -15.041984119451978 22.937076510684633
      vertex 45.78247714198256 -16.26871005241193 26.307478311351502
      vertex 46 -16.318420671555366 26.4440571149552
    endloop
  endfacet
  facet normal -4.623658789769461e-16 -0.9396926207859128 -0.3420201433256569
    outer loop
      vertex -55 -15.041984119451978 22.937076510684633
      vertex 46 -16.318420671555366 26.4440571149552
      vertex 46.23463313526982 -16.35799522635364 26.552787310648434
    endloop
  endfacet
  facet normal 9.68893633189519e-16 -0.9396926207858999 -0.3420201433256917
    outer loop
      vertex -55 -15.041984119451978 22.937076510684633
      vertex 46.23463313526982 -16.35799522635364 26.552787310648434
      vertex 46.48236190979496 -16.386756585202022 26.631808494637188
    endloop
  endfacet
  facet normal -4.281650216743451e-15 -0.9396926207859464 -0.34202014332556446
    outer loop
      vertex -55 -15.041984119451978 22.937076510684633
      vertex 46.48236190979496 -16.386756585202022 26.631808494637188
      vertex 46.738947615559894 -16.40421263327645 26.67976859255461
    endloop
  endfacet
  facet normal 5.556418990195982e-15 -0.9396926207858598 -0.3420201433258023
    outer loop
      vertex -55 -15.041984119451978 22.937076510684633
      vertex 46.738947615559894 -16.40421263327645 26.67976859255461
      vertex 47 -16.410064692754652 26.69584699382827
    endloop
  endfacet
  facet normal -5.028132552428097e-17 -0.9396926207859106 -0.3420201433256625
    outer loop
      vertex -55 -15.041984119451978 22.937076510684633
      vertex 45.58578643762691 -15.242334880807366 23.4875357034791
      vertex 45.41329331941753 -15.309607063701913 23.672364506939292
    endloop
  endfacet
  facet normal -3.244695534264982e-17 -0.9396926207859122 -0.34202014332565817
    outer loop
      vertex -55 -15.041984119451978 22.937076510684633
      vertex 46.23463313526982 -15.094053585852993 23.08013619386447
      vertex 46 -15.133628140651268 23.188866389557703
    endloop
  endfacet
  facet normal 1.8157144985923937e-17 -0.9396926207859008 -0.3420201433256898
    outer loop
      vertex -55 -15.041984119451978 22.937076510684633
      vertex 46.48236190979496 -15.065292227004612 23.001115009875715
      vertex 46.23463313526982 -15.094053585852993 23.08013619386447
    endloop
  endfacet
  facet normal -8.108457636361379e-18 -0.9396926207859082 -0.34202014332566927
    outer loop
      vertex -55 -15.041984119451978 22.937076510684633
      vertex 45.78247714198256 -15.183338759794704 23.3254451931614
      vertex 45.58578643762691 -15.242334880807366 23.4875357034791
    endloop
  endfacet
  facet normal 1.1094346825762674e-17 -0.9396926207859065 -0.3420201433256736
    outer loop
      vertex -55 -15.041984119451978 22.937076510684633
      vertex 46 -15.133628140651268 23.188866389557703
      vertex 45.78247714198256 -15.183338759794704 23.3254451931614
    endloop
  endfacet
  facet normal -1.3380997773983113e-17 -0.9396926207859168 -0.3420201433256457
    outer loop
      vertex -55 -15.041984119451978 22.937076510684633
      vertex 46.738947615559894 -15.04783617893018 22.953154911958293
      vertex 46.48236190979496 -15.065292227004612 23.001115009875715
    endloop
  endfacet
  facet normal 0 -0.9396926207858896 -0.34202014332572045
    outer loop
      vertex -55 -15.041984119451978 22.937076510684633
      vertex 47 -15.041984119451978 22.937076510684633
      vertex 46.738947615559894 -15.04783617893018 22.953154911958293
    endloop
  endfacet
  facet normal -4.617992272894211e-17 -0.939692620785909 -0.3420201433256669
    outer loop
      vertex -55 -15.041984119451978 22.937076510684633
      vertex 45 -15.726024406103317 24.81646175225645
      vertex 45.01711027725238 -15.815309580045028 25.061770751553382
    endloop
  endfacet
  facet normal 2.7334055348480176e-17 -0.9396926207859081 -0.34202014332566993
    outer loop
      vertex -55 -15.041984119451978 22.937076510684633
      vertex 45.01711027725238 -15.815309580045028 25.061770751553382
      vertex 45.06814834742186 -15.90306705990607 25.302882445859836
    endloop
  endfacet
  facet normal -6.220508070490032e-17 -0.9396926207859105 -0.34202014332566316
    outer loop
      vertex -55 -15.041984119451978 22.937076510684633
      vertex 45.267949192431125 -15.384004262777648 23.876769131470542
      vertex 45.15224093497743 -15.464253521331582 24.097252157275456
    endloop
  endfacet
  facet normal 2.2155528579261013e-17 -0.9396926207859075 -0.34202014332567116
    outer loop
      vertex -55 -15.041984119451978 22.937076510684633
      vertex 45.41329331941753 -15.309607063701913 23.672364506939292
      vertex 45.267949192431125 -15.384004262777648 23.876769131470542
    endloop
  endfacet
  facet normal 2.6211670473411844e-17 -0.939692620785908 -0.34202014332567
    outer loop
      vertex -55 -15.041984119451978 22.937076510684633
      vertex 45.15224093497743 -15.464253521331582 24.097252157275456
      vertex 45.06814834742186 -15.548981752300563 24.330041058653066
    endloop
  endfacet
  facet normal -4.849726881729548e-17 -0.9396926207859092 -0.34202014332566666
    outer loop
      vertex -55 -15.041984119451978 22.937076510684633
      vertex 45.01711027725238 -15.636739232161606 24.57115275295952
      vertex 45 -15.726024406103317 24.81646175225645
    endloop
  endfacet
  facet normal 1.2126206606157835e-16 -0.9396926207859059 -0.34202014332567593
    outer loop
      vertex -55 -15.041984119451978 22.937076510684633
      vertex 45.06814834742186 -15.548981752300563 24.330041058653066
      vertex 45.01711027725238 -15.636739232161606 24.57115275295952
    endloop
  endfacet
  facet normal -3.723301841466191e-16 -0.9396926207859129 -0.3420201433256567
    outer loop
      vertex -55 -15.041984119451978 22.937076510684633
      vertex 45.15224093497743 -15.98779529087505 25.535671347237447
      vertex 45.267949192431125 -16.068044549428983 25.75615437304236
    endloop
  endfacet
  facet normal 3.360959100992016e-16 -0.9396926207859049 -0.3420201433256782
    outer loop
      vertex -55 -15.041984119451978 22.937076510684633
      vertex 45.267949192431125 -16.068044549428983 25.75615437304236
      vertex 45.41329331941753 -16.14244174850472 25.96055899757361
    endloop
  endfacet
  facet normal 3.3176591815538285e-17 -0.9396926207859078 -0.34202014332567016
    outer loop
      vertex -55 -15.041984119451978 22.937076510684633
      vertex 45.06814834742186 -15.90306705990607 25.302882445859836
      vertex 45.15224093497743 -15.98779529087505 25.535671347237447
    endloop
  endfacet
  facet normal 6.604505934579649e-17 -0.9396926207859078 -0.34202014332567077
    outer loop
      vertex -55 -15.041984119451978 22.937076510684633
      vertex 45.41329331941753 -16.14244174850472 25.96055899757361
      vertex 45.58578643762691 -16.209713931399268 26.145387801033802
    endloop
  endfacet
  facet normal 6.463173076871103e-17 -0.9396926207859079 -0.34202014332566993
    outer loop
      vertex -55 -15.041984119451978 22.937076510684633
      vertex 47 -16.410064692754652 26.69584699382827
      vertex 55 -17.09410497940599 28.575232235400083
    endloop
  endfacet
  facet normal 0 0.3420201433256687 -0.9396926207859083
    outer loop
      vertex -55 -9.403828394736529 24.989197370638646
      vertex 47 -9.403828394736529 24.989197370638646
      vertex 47 -15.041984119451978 22.937076510684633
    endloop
  endfacet
  facet normal 0 -0.3420201433256691 0.9396926207859083
    outer loop
      vertex -55 -2.059023046831456 34.04755452861079
      vertex 55 -17.09410497940599 28.575232235400083
      vertex 55 -2.059023046831456 34.04755452861079
    endloop
  endfacet
  facet normal 2.114301900888983e-16 -0.9396926207859083 -0.34202014332566877
    outer loop
      vertex 55 -15.041984119451978 22.937076510684633
      vertex 55 -17.09410497940599 28.575232235400083
      vertex 48.98288972274762 -15.636739232161606 24.57115275295952
    endloop
  endfacet
  facet normal 0 -0.9396926207858897 -0.34202014332572045
    outer loop
      vertex 47 -15.041984119451978 22.937076510684633
      vertex 55 -15.041984119451978 22.937076510684633
      vertex 47.261052384440106 -15.04783617893018 22.953154911958293
    endloop
  endfacet
  facet normal -2.403673748788386e-16 -0.9396926207859009 -0.3420201433256892
    outer loop
      vertex 47.51763809020504 -15.065292227004612 23.001115009875715
      vertex 55 -15.041984119451978 22.937076510684633
      vertex 47.76536686473018 -15.094053585852993 23.08013619386447
    endloop
  endfacet
  facet normal 4.3691285230671257e-16 -0.9396926207859119 -0.34202014332565894
    outer loop
      vertex 47.76536686473018 -15.094053585852993 23.08013619386447
      vertex 55 -15.041984119451978 22.937076510684633
      vertex 48 -15.133628140651268 23.188866389557703
    endloop
  endfacet
  facet normal 1.1185090763779745e-16 -0.9396926207859081 -0.3420201433256694
    outer loop
      vertex 48.21752285801744 -15.183338759794704 23.3254451931614
      vertex 55 -15.041984119451978 22.937076510684633
      vertex 48.41421356237309 -15.242334880807366 23.4875357034791
    endloop
  endfacet
  facet normal 7.09052024550145e-16 -0.9396926207859105 -0.3420201433256631
    outer loop
      vertex 48.41421356237309 -15.242334880807366 23.4875357034791
      vertex 55 -15.041984119451978 22.937076510684633
      vertex 48.58670668058247 -15.309607063701913 23.672364506939292
    endloop
  endfacet
  facet normal -1.5458940910649302e-16 -0.9396926207859065 -0.34202014332567343
    outer loop
      vertex 48 -15.133628140651268 23.188866389557703
      vertex 55 -15.041984119451978 22.937076510684633
      vertex 48.21752285801744 -15.183338759794704 23.3254451931614
    endloop
  endfacet
  facet normal 1.7414345048036662e-16 -0.9396926207859164 -0.3420201433256464
    outer loop
      vertex 47.261052384440106 -15.04783617893018 22.953154911958293
      vertex 55 -15.041984119451978 22.937076510684633
      vertex 47.51763809020504 -15.065292227004612 23.001115009875715
    endloop
  endfacet
  facet normal 9.052522946869023e-16 -0.9396926207859102 -0.34202014332566366
    outer loop
      vertex 55 -15.041984119451978 22.937076510684633
      vertex 48.84775906502257 -15.464253521331582 24.097252157275456
      vertex 48.732050807568875 -15.384004262777648 23.876769131470542
    endloop
  endfacet
  facet normal -3.308898271047194e-16 -0.9396926207859077 -0.34202014332567104
    outer loop
      vertex 55 -15.041984119451978 22.937076510684633
      vertex 48.732050807568875 -15.384004262777648 23.876769131470542
      vertex 48.58670668058247 -15.309607063701913 23.672364506939292
    endloop
  endfacet
  facet normal -4.0011115237233356e-16 -0.939692620785908 -0.34202014332566966
    outer loop
      vertex 55 -15.041984119451978 22.937076510684633
      vertex 48.93185165257814 -15.548981752300563 24.330041058653066
      vertex 48.84775906502257 -15.464253521331582 24.097252157275456
    endloop
  endfacet
  facet normal -1.895489172794605e-15 -0.9396926207859059 -0.34202014332567576
    outer loop
      vertex 55 -15.041984119451978 22.937076510684633
      vertex 48.98288972274762 -15.636739232161606 24.57115275295952
      vertex 48.93185165257814 -15.548981752300563 24.330041058653066
    endloop
  endfacet
  facet normal 1 0 0
    outer loop
      vertex 55 -15.041984119451978 22.937076510684633
      vertex 55 -13.103176739478009 24.919758013941898
      vertex 55 -14.197641198120149 27.926774400456804
    endloop
  endfacet
  facet normal 0 0.34202014332566877 -0.9396926207859084
    outer loop
      vertex 47 -15.041984119451978 22.937076510684633
      vertex 47 -9.403828394736529 24.989197370638646
      vertex 55 -15.041984119451978 22.937076510684633
    endloop
  endfacet
  facet normal 1 0 0
    outer loop
      vertex 55 -15.041984119451978 22.937076510684633
      vertex 55 -9.403828394736529 24.989197370638646
      vertex 55 -13.103176739478009 24.919758013941898
    endloop
  endfacet
  facet normal 2.8059361242195467e-15 -0.9396926207859042 -0.3420201433256802
    outer loop
      vertex 47 -16.410064692754652 26.69584699382827
      vertex 47.261052384440106 -16.40421263327645 26.67976859255461
      vertex 55 -17.09410497940599 28.575232235400083
    endloop
  endfacet
  facet normal 1.2523231394469689e-15 -0.9396926207859072 -0.34202014332567193
    outer loop
      vertex 48 -16.318420671555366 26.4440571149552
      vertex 48.21752285801744 -16.26871005241193 26.307478311351502
      vertex 55 -17.09410497940599 28.575232235400083
    endloop
  endfacet
  facet normal 5.657108599868657e-16 -0.939692620785908 -0.34202014332567
    outer loop
      vertex 48.58670668058247 -16.14244174850472 25.96055899757361
      vertex 55 -17.09410497940599 28.575232235400083
      vertex 48.41421356237309 -16.209713931399268 26.145387801033802
    endloop
  endfacet
  facet normal 1.7242637664029752e-16 -0.9396926207859082 -0.34202014332566905
    outer loop
      vertex 48.41421356237309 -16.209713931399268 26.145387801033802
      vertex 55 -17.09410497940599 28.575232235400083
      vertex 48.21752285801744 -16.26871005241193 26.307478311351502
    endloop
  endfacet
  facet normal -1.0321852150035241e-14 -0.9396926207859214 -0.34202014332563285
    outer loop
      vertex 47.261052384440106 -16.40421263327645 26.67976859255461
      vertex 47.51763809020504 -16.386756585202022 26.631808494637188
      vertex 55 -17.09410497940599 28.575232235400083
    endloop
  endfacet
  facet normal -2.1184088542734653e-15 -0.9396926207859109 -0.34202014332566216
    outer loop
      vertex 48 -16.318420671555366 26.4440571149552
      vertex 55 -17.09410497940599 28.575232235400083
      vertex 47.76536686473018 -16.35799522635364 26.552787310648434
    endloop
  endfacet
  facet normal 3.5477519642522314e-15 -0.9396926207859043 -0.34202014332568004
    outer loop
      vertex 47.51763809020504 -16.386756585202022 26.631808494637188
      vertex 47.76536686473018 -16.35799522635364 26.552787310648434
      vertex 55 -17.09410497940599 28.575232235400083
    endloop
  endfacet
  facet normal -1.3622613744853224e-15 -0.9396926207859091 -0.3420201433256667
    outer loop
      vertex 48.98288972274762 -15.636739232161606 24.57115275295952
      vertex 55 -17.09410497940599 28.575232235400083
      vertex 49 -15.726024406103317 24.81646175225645
    endloop
  endfacet
  facet normal 6.714950870607596e-16 -0.9396926207859081 -0.34202014332566977
    outer loop
      vertex 48.93185165257814 -15.90306705990607 25.302882445859836
      vertex 55 -17.09410497940599 28.575232235400083
      vertex 48.84775906502257 -15.98779529087505 25.535671347237447
    endloop
  endfacet
  facet normal 6.6871700928164e-16 -0.9396926207859081 -0.34202014332566977
    outer loop
      vertex 48.98288972274762 -15.815309580045028 25.061770751553382
      vertex 55 -17.09410497940599 28.575232235400083
      vertex 48.93185165257814 -15.90306705990607 25.302882445859836
    endloop
  endfacet
  facet normal -1.232553236291431e-15 -0.9396926207859091 -0.3420201433256668
    outer loop
      vertex 49 -15.726024406103317 24.81646175225645
      vertex 55 -17.09410497940599 28.575232235400083
      vertex 48.98288972274762 -15.815309580045028 25.061770751553382
    endloop
  endfacet
  facet normal 3.453928824317314e-15 -0.9396926207859058 -0.34202014332567626
    outer loop
      vertex 48.732050807568875 -16.068044549428983 25.75615437304236
      vertex 55 -17.09410497940599 28.575232235400083
      vertex 48.58670668058247 -16.14244174850472 25.96055899757361
    endloop
  endfacet
  facet normal -5.332124961427449e-15 -0.939692620785912 -0.34202014332565894
    outer loop
      vertex 48.84775906502257 -15.98779529087505 25.535671347237447
      vertex 55 -17.09410497940599 28.575232235400083
      vertex 48.732050807568875 -16.068044549428983 25.75615437304236
    endloop
  endfacet
  facet normal 1 0 0
    outer loop
      vertex 55 -15.041984119451978 22.937076510684633
      vertex 55 -14.197641198120149 27.926774400456804
      vertex 55 -17.09410497940599 28.575232235400083
    endloop
  endfacet
  facet normal -1.8467715147388506e-17 0.34202014332566877 -0.9396926207859084
    outer loop
      vertex 55 -15.041984119451978 22.937076510684633
      vertex 47 -9.403828394736529 24.989197370638646
      vertex 55 -9.403828394736529 24.989197370638646
    endloop
  endfacet
  facet normal 1 0 0
    outer loop
      vertex 55 -13.103176739478009 24.919758013941898
      vertex 55 -9.403828394736529 24.989197370638646
      vertex 55 -8.825556012714431 25.199671304992904
    endloop
  endfacet
  facet normal 1 0 0
    outer loop
      vertex 55 -13.103176739478009 24.919758013941898
      vertex 55 -8.825556012714431 25.199671304992904
      vertex 55 -9.409461899311863 26.26416026962972
    endloop
  endfacet
  facet normal 1 0 0
    outer loop
      vertex 55 -17.09410497940599 28.575232235400083
      vertex 55 -14.197641198120149 27.926774400456804
      vertex 55 -3.8610223694751573 31.68899597703916
    endloop
  endfacet
  facet normal 1 0 0
    outer loop
      vertex 55 -17.09410497940599 28.575232235400083
      vertex 55 -3.8610223694751573 31.68899597703916
      vertex 55 -2.059023046831456 34.04755452861079
    endloop
  endfacet
  facet normal 0 0.3420201433256687 -0.9396926207859084
    outer loop
      vertex -55 -0.006902186877444372 28.409398803895336
      vertex 47 -0.006902186877444372 28.409398803895336
      vertex 47 -5.645057911592895 26.357277943941323
    endloop
  endfacet
  facet normal 2.4418183794384185e-18 0.9396926207859111 0.34202014332566094
    outer loop
      vertex -55 -0.006902186877444372 28.409398803895336
      vertex 46.48236190979496 -0.030210294430077944 28.473437303086417
      vertex 46.738947615559894 -0.012754246355644483 28.425477205168995
    endloop
  endfacet
  facet normal -1.9348563573725477e-17 0.9396926207859065 0.34202014332567376
    outer loop
      vertex -55 -0.006902186877444372 28.409398803895336
      vertex 45.78247714198256 -0.14825682722016964 28.797767486372102
      vertex 46 -0.09854620807673342 28.661188682768405
    endloop
  endfacet
  facet normal 5.1964714958322014e-18 0.9396926207859096 0.34202014332566494
    outer loop
      vertex -55 -0.006902186877444372 28.409398803895336
      vertex 46 -0.09854620807673342 28.661188682768405
      vertex 46.23463313526982 -0.05897165327845766 28.55245848707517
    endloop
  endfacet
  facet normal -4.8587943096415376e-18 0.9396926207859074 0.3420201433256711
    outer loop
      vertex -55 -0.006902186877444372 28.409398803895336
      vertex 46.23463313526982 -0.05897165327845766 28.55245848707517
      vertex 46.48236190979496 -0.030210294430077944 28.473437303086417
    endloop
  endfacet
  facet normal 0 0.9396926207859062 0.3420201433256746
    outer loop
      vertex -55 -0.006902186877444372 28.409398803895336
      vertex 46.738947615559894 -0.012754246355644483 28.425477205168995
      vertex 47 -0.006902186877444372 28.409398803895336
    endloop
  endfacet
  facet normal -3.617517449271794e-16 0.9396926207859106 0.34202014332566233
    outer loop
      vertex -55 -2.059023046831456 34.04755452861079
      vertex 45.41329331941753 -0.274525131127378 29.144686800149994
      vertex 45.58578643762691 -0.20725294823283136 28.959857996689802
    endloop
  endfacet
  facet normal 1.3579486415412015e-16 0.9396926207859073 0.3420201433256716
    outer loop
      vertex -55 -2.059023046831456 34.04755452861079
      vertex 45.267949192431125 -0.3489223302031128 29.349091424681244
      vertex 45.41329331941753 -0.274525131127378 29.144686800149994
    endloop
  endfacet
  facet normal 6.109755221215712e-17 0.9396926207859083 0.3420201433256689
    outer loop
      vertex -55 -2.059023046831456 34.04755452861079
      vertex 45.58578643762691 -0.20725294823283136 28.959857996689802
      vertex 45.78247714198256 -0.14825682722016964 28.797767486372102
    endloop
  endfacet
  facet normal -5.618597402854913e-17 0.9396926207859092 0.3420201433256665
    outer loop
      vertex -55 -2.059023046831456 34.04755452861079
      vertex 45.01711027725238 -0.7802276474704932 30.534093044764084
      vertex 45 -0.6909424735287821 30.288784045467153
    endloop
  endfacet
  facet normal -5.2225697657515054e-17 0.9396926207859093 0.34202014332566616
    outer loop
      vertex -55 -2.059023046831456 34.04755452861079
      vertex 45 -0.6909424735287821 30.288784045467153
      vertex 45.01711027725238 -0.601657299587071 30.043475046170222
    endloop
  endfacet
  facet normal 5.426920553202234e-17 0.939692620785908 0.3420201433256697
    outer loop
      vertex -55 -2.059023046831456 34.04755452861079
      vertex 45.06814834742186 -0.8679851273315347 30.77520473907054
      vertex 45.01711027725238 -0.7802276474704932 30.534093044764084
    endloop
  endfacet
  facet normal -1.1525922914817189e-16 0.9396926207859093 0.3420201433256664
    outer loop
      vertex -55 -2.059023046831456 34.04755452861079
      vertex 45.15224093497743 -0.42917158875704775 29.569574450486158
      vertex 45.267949192431125 -0.3489223302031128 29.349091424681244
    endloop
  endfacet
  facet normal 3.5203311692140386e-16 0.939692620785906 0.34202014332567526
    outer loop
      vertex -55 -2.059023046831456 34.04755452861079
      vertex 45.01711027725238 -0.601657299587071 30.043475046170222
      vertex 45.06814834742186 -0.5138998197260278 29.802363351863768
    endloop
  endfacet
  facet normal -9.849432397308353e-17 0.9396926207859089 0.34202014332566705
    outer loop
      vertex -55 -2.059023046831456 34.04755452861079
      vertex 45.06814834742186 -0.5138998197260278 29.802363351863768
      vertex 45.15224093497743 -0.42917158875704775 29.569574450486158
    endloop
  endfacet
  facet normal 7.601753127662401e-17 0.9396926207859077 0.3420201433256708
    outer loop
      vertex -55 -2.059023046831456 34.04755452861079
      vertex 45.41329331941753 -1.1073598159301845 31.432881290784312
      vertex 45.267949192431125 -1.0329626168544497 31.228476666253062
    endloop
  endfacet
  facet normal 5.876905960250179e-17 0.9396926207859079 0.3420201433256702
    outer loop
      vertex -55 -2.059023046831456 34.04755452861079
      vertex 45.58578643762691 -1.174631998824733 31.617710094244504
      vertex 45.41329331941753 -1.1073598159301845 31.432881290784312
    endloop
  endfacet
  facet normal 7.068426859105617e-17 0.9396926207859072 0.3420201433256718
    outer loop
      vertex -55 -2.059023046831456 34.04755452861079
      vertex 46.23463313526982 -1.3229132937791057 32.025109603859136
      vertex 46 -1.283338738980829 31.916379408165902
    endloop
  endfacet
  facet normal -2.332883699158433e-16 0.9396926207859123 0.3420201433256579
    outer loop
      vertex -55 -2.059023046831456 34.04755452861079
      vertex 46.48236190979496 -1.3516746526274854 32.10413078784789
      vertex 46.23463313526982 -1.3229132937791057 32.025109603859136
    endloop
  endfacet
  facet normal 3.865908092070611e-17 0.9396926207859082 0.34202014332566955
    outer loop
      vertex -55 -2.059023046831456 34.04755452861079
      vertex 45.78247714198256 -1.2336281198373946 31.779800604562205
      vertex 45.58578643762691 -1.174631998824733 31.617710094244504
    endloop
  endfacet
  facet normal -1.331969906185369e-16 0.9396926207859102 0.34202014332566355
    outer loop
      vertex -55 -2.059023046831456 34.04755452861079
      vertex 46 -1.283338738980829 31.916379408165902
      vertex 45.78247714198256 -1.2336281198373946 31.779800604562205
    endloop
  endfacet
  facet normal -1.6334166696198338e-16 0.9396926207859103 0.34202014332566316
    outer loop
      vertex -55 -2.059023046831456 34.04755452861079
      vertex 45.267949192431125 -1.0329626168544497 31.228476666253062
      vertex 45.15224093497743 -0.9527133583005156 31.00799364044815
    endloop
  endfacet
  facet normal 5.272164319860733e-17 0.939692620785908 0.3420201433256696
    outer loop
      vertex -55 -2.059023046831456 34.04755452861079
      vertex 45.15224093497743 -0.9527133583005156 31.00799364044815
      vertex 45.06814834742186 -0.8679851273315347 30.77520473907054
    endloop
  endfacet
  facet normal 0 0.9396926207859084 0.34202014332566877
    outer loop
      vertex -55 -2.059023046831456 34.04755452861079
      vertex 55 -2.059023046831456 34.04755452861079
      vertex 46.48236190979496 -1.3516746526274854 32.10413078784789
    endloop
  endfacet
  facet normal 1 0 0
    outer loop
      vertex 55 -5.645057911592895 26.357277943941323
      vertex 55 -2.7665579108330176 28.681979590524254
      vertex 55 -6.055482083583697 27.484909088884415
    endloop
  endfacet
  facet normal 0 0.3420201433256687 -0.9396926207859084
    outer loop
      vertex 47 -5.645057911592895 26.357277943941323
      vertex 47 -0.006902186877444372 28.409398803895336
      vertex 55 -5.645057911592895 26.357277943941323
    endloop
  endfacet
  facet normal 1 0 0
    outer loop
      vertex 55 -5.645057911592895 26.357277943941323
      vertex 55 -0.006902186877444372 28.409398803895336
      vertex 55 -2.7665579108330176 28.681979590524254
    endloop
  endfacet
  facet normal 1 0 0
    outer loop
      vertex 55 -2.7665579108330176 28.681979590524254
      vertex 55 -2.059023046831456 34.04755452861079
      vertex 55 -3.8610223694751573 31.68899597703916
    endloop
  endfacet
  facet normal -1.750328550098504e-17 0.3420201433256687 -0.9396926207859084
    outer loop
      vertex 55 -5.645057911592895 26.357277943941323
      vertex 47 -0.006902186877444372 28.409398803895336
      vertex 55 -0.006902186877444372 28.409398803895336
    endloop
  endfacet
  facet normal -5.898586447156628e-16 0.9396926207859105 0.342020143325663
    outer loop
      vertex 48.41421356237309 -0.20725294823283136 28.959857996689802
      vertex 48.58670668058247 -0.274525131127378 29.144686800149994
      vertex 55 -0.006902186877444372 28.409398803895336
    endloop
  endfacet
  facet normal 4.3408032981492957e-16 0.9396926207859075 0.34202014332567093
    outer loop
      vertex 55 -0.006902186877444372 28.409398803895336
      vertex 48.58670668058247 -0.274525131127378 29.144686800149994
      vertex 48.732050807568875 -0.3489223302031128 29.349091424681244
    endloop
  endfacet
  facet normal -2.7748942829856503e-16 0.9396926207859091 0.3420201433256666
    outer loop
      vertex 55 -0.006902186877444372 28.409398803895336
      vertex 48.732050807568875 -0.3489223302031128 29.349091424681244
      vertex 48.84775906502257 -0.42917158875704775 29.569574450486158
    endloop
  endfacet
  facet normal -2.1263592419551764e-16 0.9396926207859091 0.3420201433256667
    outer loop
      vertex 55 -0.006902186877444372 28.409398803895336
      vertex 48.84775906502257 -0.42917158875704775 29.569574450486158
      vertex 48.93185165257814 -0.5138998197260278 29.802363351863768
    endloop
  endfacet
  facet normal 2.0535923086988626e-15 0.9396926207859059 0.34202014332567554
    outer loop
      vertex 55 -0.006902186877444372 28.409398803895336
      vertex 48.93185165257814 -0.5138998197260278 29.802363351863768
      vertex 48.98288972274762 -0.601657299587071 30.043475046170222
    endloop
  endfacet
  facet normal 0 0.9396926207859062 0.3420201433256746
    outer loop
      vertex 47 -0.006902186877444372 28.409398803895336
      vertex 47.261052384440106 -0.012754246355644483 28.425477205168995
      vertex 55 -0.006902186877444372 28.409398803895336
    endloop
  endfacet
  facet normal -3.16980071713086e-17 0.9396926207859112 0.3420201433256611
    outer loop
      vertex 47.261052384440106 -0.012754246355644483 28.425477205168995
      vertex 47.51763809020504 -0.030210294430077944 28.473437303086417
      vertex 55 -0.006902186877444372 28.409398803895336
    endloop
  endfacet
  facet normal 6.423965789628384e-17 0.9396926207859075 0.342020143325671
    outer loop
      vertex 47.51763809020504 -0.030210294430077944 28.473437303086417
      vertex 47.76536686473018 -0.05897165327845766 28.55245848707517
      vertex 55 -0.006902186877444372 28.409398803895336
    endloop
  endfacet
  facet normal -6.983072809388137e-17 0.9396926207859096 0.342020143325665
    outer loop
      vertex 47.76536686473018 -0.05897165327845766 28.55245848707517
      vertex 48 -0.09854620807673342 28.661188682768405
      vertex 55 -0.006902186877444372 28.409398803895336
    endloop
  endfacet
  facet normal 2.6721092011973137e-16 0.9396926207859065 0.34202014332567326
    outer loop
      vertex 48 -0.09854620807673342 28.661188682768405
      vertex 48.21752285801744 -0.14825682722016964 28.797767486372102
      vertex 55 -0.006902186877444372 28.409398803895336
    endloop
  endfacet
  facet normal 2.2742760658677868e-18 0.9396926207859081 0.34202014332566927
    outer loop
      vertex 48.21752285801744 -0.14825682722016964 28.797767486372102
      vertex 48.41421356237309 -0.20725294823283136 28.959857996689802
      vertex 55 -0.006902186877444372 28.409398803895336
    endloop
  endfacet
  facet normal 1.0286784348076137e-15 0.9396926207859091 0.3420201433256668
    outer loop
      vertex 49 -0.6909424735287821 30.288784045467153
      vertex 48.98288972274762 -0.7802276474704932 30.534093044764084
      vertex 55 -2.059023046831456 34.04755452861079
    endloop
  endfacet
  facet normal 1.1426715380829359e-15 0.9396926207859091 0.34202014332566666
    outer loop
      vertex 48.98288972274762 -0.601657299587071 30.043475046170222
      vertex 49 -0.6909424735287821 30.288784045467153
      vertex 55 -2.059023046831456 34.04755452861079
    endloop
  endfacet
  facet normal -8.617634344894479e-16 0.9396926207859081 0.3420201433256697
    outer loop
      vertex 48.98288972274762 -0.7802276474704932 30.534093044764084
      vertex 48.93185165257814 -0.8679851273315347 30.77520473907054
      vertex 55 -2.059023046831456 34.04755452861079
    endloop
  endfacet
  facet normal 1 0 0
    outer loop
      vertex 55 -2.7665579108330176 28.681979590524254
      vertex 55 -0.006902186877444372 28.409398803895336
      vertex 55 -2.059023046831456 34.04755452861079
    endloop
  endfacet
  facet normal -1.6344546228657758e-16 0.9396926207859085 0.3420201433256685
    outer loop
      vertex 55 -0.006902186877444372 28.409398803895336
      vertex 48.98288972274762 -0.601657299587071 30.043475046170222
      vertex 55 -2.059023046831456 34.04755452861079
    endloop
  endfacet
  facet normal -8.823869314979394e-16 0.9396926207859071 0.3420201433256723
    outer loop
      vertex 46.48236190979496 -1.3516746526274854 32.10413078784789
      vertex 55 -2.059023046831456 34.04755452861079
      vertex 46.738947615559894 -1.369130700701918 32.15209088576531
    endloop
  endfacet
  facet normal 4.928566856239314e-15 0.9396926207859153 0.3420201433256498
    outer loop
      vertex 46.738947615559894 -1.369130700701918 32.15209088576531
      vertex 55 -2.059023046831456 34.04755452861079
      vertex 47 -1.374982760180119 32.16816928703897
    endloop
  endfacet
  facet normal -2.8807408764850967e-15 0.9396926207859045 0.3420201433256791
    outer loop
      vertex 47 -1.374982760180119 32.16816928703897
      vertex 55 -2.059023046831456 34.04755452861079
      vertex 47.261052384440106 -1.369130700701918 32.15209088576531
    endloop
  endfacet
  facet normal -6.898307409828634e-16 0.939692620785908 0.3420201433256699
    outer loop
      vertex 48.58670668058247 -1.1073598159301845 31.432881290784312
      vertex 48.41421356237309 -1.174631998824733 31.617710094244504
      vertex 55 -2.059023046831456 34.04755452861079
    endloop
  endfacet
  facet normal -1.0120417756929844e-15 0.9396926207859077 0.3420201433256706
    outer loop
      vertex 48.732050807568875 -1.0329626168544497 31.228476666253062
      vertex 48.58670668058247 -1.1073598159301845 31.432881290784312
      vertex 55 -2.059023046831456 34.04755452861079
    endloop
  endfacet
  facet normal -6.653084904966121e-16 0.9396926207859078 0.34202014332567043
    outer loop
      vertex 48 -1.283338738980829 31.916379408165902
      vertex 47.76536686473018 -1.3229132937791057 32.025109603859136
      vertex 55 -2.059023046831456 34.04755452861079
    endloop
  endfacet
  facet normal 9.348045405322691e-17 0.9396926207859085 0.3420201433256684
    outer loop
      vertex 47.261052384440106 -1.369130700701918 32.15209088576531
      vertex 55 -2.059023046831456 34.04755452861079
      vertex 47.51763809020504 -1.3516746526274854 32.10413078784789
    endloop
  endfacet
  facet normal 1.802013689313898e-15 0.9396926207859106 0.34202014332566266
    outer loop
      vertex 47.51763809020504 -1.3516746526274854 32.10413078784789
      vertex 55 -2.059023046831456 34.04755452861079
      vertex 47.76536686473018 -1.3229132937791057 32.025109603859136
    endloop
  endfacet
  facet normal 1.3000356007316996e-15 0.9396926207859099 0.34202014332566466
    outer loop
      vertex 48 -1.283338738980829 31.916379408165902
      vertex 55 -2.059023046831456 34.04755452861079
      vertex 48.21752285801744 -1.2336281198373946 31.779800604562205
    endloop
  endfacet
  facet normal -2.9106507761306395e-16 0.9396926207859083 0.34202014332566893
    outer loop
      vertex 48.41421356237309 -1.174631998824733 31.617710094244504
      vertex 48.21752285801744 -1.2336281198373946 31.779800604562205
      vertex 55 -2.059023046831456 34.04755452861079
    endloop
  endfacet
  facet normal 2.196409963218075e-15 0.93969262078591 0.34202014332566427
    outer loop
      vertex 48.84775906502257 -0.9527133583005156 31.00799364044815
      vertex 48.732050807568875 -1.0329626168544497 31.228476666253062
      vertex 55 -2.059023046831456 34.04755452861079
    endloop
  endfacet
  facet normal -8.427198998532986e-16 0.9396926207859081 0.34202014332566966
    outer loop
      vertex 48.93185165257814 -0.8679851273315347 30.77520473907054
      vertex 48.84775906502257 -0.9527133583005156 31.00799364044815
      vertex 55 -2.059023046831456 34.04755452861079
    endloop
  endfacet
  facet normal -3.311836655855226e-19 0.9396926207859083 0.3420201433256688
    outer loop
      vertex -55 -13.103176739478009 24.919758013941898
      vertex -55 -14.197641198120149 27.926774400456804
      vertex 55 -14.197641198120149 27.926774400456804
    endloop
  endfacet
  facet normal 0 -0.34202014332566877 0.9396926207859084
    outer loop
      vertex -55 -13.103176739478009 24.919758013941898
      vertex 45.16932010722486 -13.103176739478009 24.919758013941898
      vertex -55 -2.7665579108330176 28.681979590524254
    endloop
  endfacet
  facet normal 1.7303423269875428e-18 0.3420201433256687 -0.9396926207859084
    outer loop
      vertex -55 -14.197641198120149 27.926774400456804
      vertex -55 -3.8610223694751573 31.68899597703916
      vertex 55 -3.8610223694751573 31.68899597703916
    endloop
  endfacet
  facet normal 4.1751187879550985e-19 -0.9396926207859084 -0.34202014332566877
    outer loop
      vertex -55 -2.7665579108330176 28.681979590524254
      vertex 45.15224093497743 -2.778403140721819 28.714524092171985
      vertex -55 -3.8610223694751573 31.68899597703916
    endloop
  endfacet
  facet normal 0 0.9396926207859005 0.34202014332569036
    outer loop
      vertex -55 -13.103176739478009 24.919758013941898
      vertex 45.15224093497743 -13.115021969366811 24.95230251558963
      vertex 45.16932010722486 -13.103176739478009 24.919758013941898
    endloop
  endfacet
  facet normal -1.06204909672694e-17 0.9396926207859057 0.342020143325676
    outer loop
      vertex -55 -13.103176739478009 24.919758013941898
      vertex 45.01711027725238 -13.287507680196835 25.426203111273693
      vertex 45.06814834742186 -13.199750200335792 25.18509141696724
    endloop
  endfacet
  facet normal 4.18771399624847e-17 0.9396926207859091 0.34202014332566677
    outer loop
      vertex -55 -13.103176739478009 24.919758013941898
      vertex 45 -13.376792854138547 25.671512110570625
      vertex 45.01711027725238 -13.287507680196835 25.426203111273693
    endloop
  endfacet
  facet normal 4.1883298561425863e-17 0.9396926207859092 0.3420201433256668
    outer loop
      vertex -55 -13.103176739478009 24.919758013941898
      vertex 45.01711027725238 -13.466078028080258 25.916821109867556
      vertex 45 -13.376792854138547 25.671512110570625
    endloop
  endfacet
  facet normal 7.506655409933474e-18 0.9396926207859081 0.34202014332566993
    outer loop
      vertex -55 -13.103176739478009 24.919758013941898
      vertex 45.06814834742186 -13.199750200335792 25.18509141696724
      vertex 45.15224093497743 -13.115021969366811 24.95230251558963
    endloop
  endfacet
  facet normal 1.0073515271150077e-16 0.9396926207859104 0.3420201433256632
    outer loop
      vertex -55 -13.103176739478009 24.919758013941898
      vertex 45.267949192431125 -13.718812997464212 26.611204731356533
      vertex 45.15224093497743 -13.638563738910278 26.39072170555162
    endloop
  endfacet
  facet normal 7.708552687264672e-17 0.9396926207859102 0.3420201433256639
    outer loop
      vertex -55 -13.103176739478009 24.919758013941898
      vertex 45.06814834742186 -13.553835507941297 26.15793280417401
      vertex 45.01711027725238 -13.466078028080258 25.916821109867556
    endloop
  endfacet
  facet normal -8.374798675203715e-18 0.939692620785908 0.3420201433256697
    outer loop
      vertex -55 -13.103176739478009 24.919758013941898
      vertex 45.15224093497743 -13.638563738910278 26.39072170555162
      vertex 45.06814834742186 -13.553835507941297 26.15793280417401
    endloop
  endfacet
  facet normal -1.5460084663213034e-17 0.9396926207859079 0.34202014332567016
    outer loop
      vertex -55 -13.103176739478009 24.919758013941898
      vertex 45.58578643762691 -13.860482379434497 27.000438159347976
      vertex 45.41329331941753 -13.793210196539949 26.815609355887783
    endloop
  endfacet
  facet normal -1.8618519013061271e-16 0.9396926207859048 0.3420201433256788
    outer loop
      vertex -55 -13.103176739478009 24.919758013941898
      vertex 45.41329331941753 -13.793210196539949 26.815609355887783
      vertex 45.267949192431125 -13.718812997464212 26.611204731356533
    endloop
  endfacet
  facet normal 4.62338472469516e-16 0.9396926207859148 0.3420201433256513
    outer loop
      vertex -55 -13.103176739478009 24.919758013941898
      vertex 46 -13.969189119590592 27.299107473269373
      vertex 45.78247714198256 -13.919478500447159 27.162528669665676
    endloop
  endfacet
  facet normal -4.68635784150519e-16 0.939692620785902 0.3420201433256859
    outer loop
      vertex -55 -13.103176739478009 24.919758013941898
      vertex 46.23463313526982 -14.00876367438887 27.407837668962607
      vertex 46 -13.969189119590592 27.299107473269373
    endloop
  endfacet
  facet normal 7.126573497813005e-18 0.9396926207859082 0.3420201433256692
    outer loop
      vertex -55 -13.103176739478009 24.919758013941898
      vertex 45.78247714198256 -13.919478500447159 27.162528669665676
      vertex 45.58578643762691 -13.860482379434497 27.000438159347976
    endloop
  endfacet
  facet normal 7.282139404766879e-16 0.9396926207859176 0.3420201433256432
    outer loop
      vertex -55 -13.103176739478009 24.919758013941898
      vertex 46.738947615559894 -14.05498108131168 27.534818950868782
      vertex 46.48236190979496 -14.037525033237248 27.48685885295136
    endloop
  endfacet
  facet normal 4.928846119082169e-16 0.9396926207859148 0.342020143325651
    outer loop
      vertex -55 -13.103176739478009 24.919758013941898
      vertex 46.48236190979496 -14.037525033237248 27.48685885295136
      vertex 46.23463313526982 -14.00876367438887 27.407837668962607
    endloop
  endfacet
  facet normal -2.6096155074396553e-15 0.939692620785877 0.34202014332575453
    outer loop
      vertex -55 -13.103176739478009 24.919758013941898
      vertex 47 -14.060833140789882 27.550897352142442
      vertex 46.738947615559894 -14.05498108131168 27.534818950868782
    endloop
  endfacet
  facet normal -4.181562593863463e-17 0.9396926207859078 0.3420201433256703
    outer loop
      vertex -55 -13.103176739478009 24.919758013941898
      vertex 55 -14.197641198120149 27.926774400456804
      vertex 47 -14.060833140789882 27.550897352142442
    endloop
  endfacet
  facet normal 0 0.3420201433256687 -0.9396926207859084
    outer loop
      vertex -55 -14.197641198120149 27.926774400456804
      vertex 55 -3.8610223694751573 31.68899597703916
      vertex 55 -14.197641198120149 27.926774400456804
    endloop
  endfacet
  facet normal 0 0.9396926207859005 0.3420201433256903
    outer loop
      vertex 48.83067989277514 -13.103176739478009 24.919758013941898
      vertex 48.84775906502257 -13.115021969366811 24.95230251558963
      vertex 55 -13.103176739478009 24.919758013941898
    endloop
  endfacet
  facet normal -3.280235135787645e-16 0.9396926207859083 0.34202014332566893
    outer loop
      vertex 48.41421356237309 -13.860482379434497 27.000438159347976
      vertex 48.21752285801744 -13.919478500447159 27.162528669665676
      vertex 55 -14.197641198120149 27.926774400456804
    endloop
  endfacet
  facet normal 1.162082566191453e-15 0.9396926207859148 0.3420201433256511
    outer loop
      vertex 47.261052384440106 -14.05498108131168 27.534818950868782
      vertex 55 -14.197641198120149 27.926774400456804
      vertex 47.51763809020504 -14.037525033237248 27.48685885295136
    endloop
  endfacet
  facet normal 8.988841332562145e-16 0.9396926207859133 0.34202014332565506
    outer loop
      vertex 47.51763809020504 -14.037525033237248 27.48685885295136
      vertex 55 -14.197641198120149 27.926774400456804
      vertex 47.76536686473018 -14.00876367438887 27.407837668962607
    endloop
  endfacet
  facet normal -1.3465748821240948e-15 0.9396926207859033 0.34202014332568265
    outer loop
      vertex 48 -13.969189119590592 27.299107473269373
      vertex 47.76536686473018 -14.00876367438887 27.407837668962607
      vertex 55 -14.197641198120149 27.926774400456804
    endloop
  endfacet
  facet normal 1.538190097117228e-15 0.9396926207859136 0.3420201433256543
    outer loop
      vertex 48 -13.969189119590592 27.299107473269373
      vertex 55 -14.197641198120149 27.926774400456804
      vertex 48.21752285801744 -13.919478500447159 27.162528669665676
    endloop
  endfacet
  facet normal 4.214939792252536e-16 0.939692620785909 0.34202014332566677
    outer loop
      vertex 49 -13.376792854138547 25.671512110570625
      vertex 48.98288972274762 -13.466078028080258 25.916821109867556
      vertex 55 -14.197641198120149 27.926774400456804
    endloop
  endfacet
  facet normal -9.026930563267115e-16 0.9396926207859079 0.34202014332567027
    outer loop
      vertex 48.84775906502257 -13.115021969366811 24.95230251558963
      vertex 48.93185165257814 -13.199750200335792 25.18509141696724
      vertex 55 -14.197641198120149 27.926774400456804
    endloop
  endfacet
  facet normal -4.265367172324876e-15 0.9396926207859054 0.3420201433256768
    outer loop
      vertex 48.93185165257814 -13.199750200335792 25.18509141696724
      vertex 48.98288972274762 -13.287507680196835 25.426203111273693
      vertex 55 -14.197641198120149 27.926774400456804
    endloop
  endfacet
  facet normal 4.4562174832637e-16 0.9396926207859092 0.3420201433256667
    outer loop
      vertex 48.98288972274762 -13.287507680196835 25.426203111273693
      vertex 49 -13.376792854138547 25.671512110570625
      vertex 55 -14.197641198120149 27.926774400456804
    endloop
  endfacet
  facet normal -1.918424523136447e-15 0.9396926207859052 0.3420201433256772
    outer loop
      vertex 48.732050807568875 -13.718812997464212 26.611204731356533
      vertex 48.58670668058247 -13.793210196539949 26.815609355887783
      vertex 55 -14.197641198120149 27.926774400456804
    endloop
  endfacet
  facet normal 1.2678191758936748e-15 0.9396926207859102 0.34202014332566383
    outer loop
      vertex 48.84775906502257 -13.638563738910278 26.39072170555162
      vertex 48.732050807568875 -13.718812997464212 26.611204731356533
      vertex 55 -14.197641198120149 27.926774400456804
    endloop
  endfacet
  facet normal 1.4773050660032542e-15 0.93969262078591 0.342020143325664
    outer loop
      vertex 48.98288972274762 -13.466078028080258 25.916821109867556
      vertex 48.93185165257814 -13.553835507941297 26.15793280417401
      vertex 55 -14.197641198120149 27.926774400456804
    endloop
  endfacet
  facet normal -4.342798238814888e-16 0.939692620785908 0.34202014332566977
    outer loop
      vertex 48.93185165257814 -13.553835507941297 26.15793280417401
      vertex 48.84775906502257 -13.638563738910278 26.39072170555162
      vertex 55 -14.197641198120149 27.926774400456804
    endloop
  endfacet
  facet normal -5.133528213745848e-16 0.9396926207859079 0.34202014332567
    outer loop
      vertex 48.58670668058247 -13.793210196539949 26.815609355887783
      vertex 48.41421356237309 -13.860482379434497 27.000438159347976
      vertex 55 -14.197641198120149 27.926774400456804
    endloop
  endfacet
  facet normal -1.289324631925313e-16 0.9396926207859084 0.3420201433256688
    outer loop
      vertex 48.84775906502257 -13.115021969366811 24.95230251558963
      vertex 55 -14.197641198120149 27.926774400456804
      vertex 55 -13.103176739478009 24.919758013941898
    endloop
  endfacet
  facet normal -1.544984252325056e-15 0.9396926207858977 0.3420201433256983
    outer loop
      vertex 47 -14.060833140789882 27.550897352142442
      vertex 55 -14.197641198120149 27.926774400456804
      vertex 47.261052384440106 -14.05498108131168 27.534818950868782
    endloop
  endfacet
  facet normal 0 -0.34202014332566893 0.9396926207859082
    outer loop
      vertex 48.83067989277514 -13.103176739478009 24.919758013941898
      vertex 55 -13.103176739478009 24.919758013941898
      vertex 55 -9.409461899311863 26.26416026962972
    endloop
  endfacet
  facet normal -1.5779971939704748e-16 -0.3420201433256687 0.9396926207859083
    outer loop
      vertex 48.83067989277514 -13.103176739478009 24.919758013941898
      vertex 55 -9.409461899311863 26.26416026962972
      vertex 55 -6.055482083583697 27.484909088884415
    endloop
  endfacet
  facet normal -1.6122999237941241e-16 -0.3420201433256687 0.9396926207859084
    outer loop
      vertex 48.83067989277514 -13.103176739478009 24.919758013941898
      vertex 55 -6.055482083583697 27.484909088884415
      vertex 48.83067989277514 -2.7665579108330176 28.681979590524254
    endloop
  endfacet
  facet normal 0 -0.34202014332566877 0.9396926207859084
    outer loop
      vertex -55 -2.7665579108330176 28.681979590524254
      vertex 45.16932010722486 -13.103176739478009 24.919758013941898
      vertex 45.16932010722486 -2.7665579108330176 28.681979590524254
    endloop
  endfacet
  facet normal 0 -0.9396926207859088 -0.3420201433256677
    outer loop
      vertex -55 -2.7665579108330176 28.681979590524254
      vertex 45.16932010722486 -2.7665579108330176 28.681979590524254
      vertex 45.15224093497743 -2.778403140721819 28.714524092171985
    endloop
  endfacet
  facet normal 6.617748087106668e-17 -0.9396926207859091 -0.3420201433256671
    outer loop
      vertex -55 -3.8610223694751573 31.68899597703916
      vertex 45.15224093497743 -2.778403140721819 28.714524092171985
      vertex 45.06814834742186 -2.863131371690799 28.947312993549595
    endloop
  endfacet
  facet normal 4.388997679320168e-17 -0.9396926207859092 -0.3420201433256667
    outer loop
      vertex -55 -3.8610223694751573 31.68899597703916
      vertex 45.01711027725238 -2.9508888515518423 29.18842468785605
      vertex 45 -3.0401740254935534 29.43373368715298
    endloop
  endfacet
  facet normal 3.9089436832407496e-17 -0.939692620785909 -0.34202014332566677
    outer loop
      vertex -55 -3.8610223694751573 31.68899597703916
      vertex 45 -3.0401740254935534 29.43373368715298
      vertex 45.01711027725238 -3.1294591994352645 29.67904268644991
    endloop
  endfacet
  facet normal -2.6567997278800545e-17 -0.9396926207859079 -0.34202014332566993
    outer loop
      vertex -55 -3.8610223694751573 31.68899597703916
      vertex 45.06814834742186 -3.217216679296306 29.920154380756365
      vertex 45.15224093497743 -3.301944910265287 30.152943282133975
    endloop
  endfacet
  facet normal 8.733715402098771e-17 -0.9396926207859104 -0.34202014332566333
    outer loop
      vertex -55 -3.8610223694751573 31.68899597703916
      vertex 45.15224093497743 -3.301944910265287 30.152943282133975
      vertex 45.267949192431125 -3.382194168819221 30.37342630793889
    endloop
  endfacet
  facet normal -2.823607252936653e-17 -0.9396926207859079 -0.34202014332566993
    outer loop
      vertex -55 -3.8610223694751573 31.68899597703916
      vertex 45.01711027725238 -3.1294591994352645 29.67904268644991
      vertex 45.06814834742186 -3.217216679296306 29.920154380756365
    endloop
  endfacet
  facet normal -1.968740458500859e-17 -0.939692620785908 -0.3420201433256703
    outer loop
      vertex -55 -3.8610223694751573 31.68899597703916
      vertex 45.41329331941753 -3.456591367894956 30.57783093247014
      vertex 45.58578643762691 -3.523863550789504 30.76265973593033
    endloop
  endfacet
  facet normal -2.884097456348066e-17 -0.9396926207859075 -0.342020143325671
    outer loop
      vertex -55 -3.8610223694751573 31.68899597703916
      vertex 45.267949192431125 -3.382194168819221 30.37342630793889
      vertex 45.41329331941753 -3.456591367894956 30.57783093247014
    endloop
  endfacet
  facet normal 4.463805825189549e-17 -0.9396926207859105 -0.3420201433256628
    outer loop
      vertex -55 -3.8610223694751573 31.68899597703916
      vertex 45.78247714198256 -3.582859671802166 30.92475024624803
      vertex 46 -3.6325702909456004 31.06132904985173
    endloop
  endfacet
  facet normal -1.615047911231887e-17 -0.9396926207859074 -0.34202014332567154
    outer loop
      vertex -55 -3.8610223694751573 31.68899597703916
      vertex 46 -3.6325702909456004 31.06132904985173
      vertex 46.23463313526982 -3.672144845743877 31.170059245544962
    endloop
  endfacet
  facet normal -6.8523597996144836e-18 -0.9396926207859083 -0.34202014332566893
    outer loop
      vertex -55 -3.8610223694751573 31.68899597703916
      vertex 45.58578643762691 -3.523863550789504 30.76265973593033
      vertex 45.78247714198256 -3.582859671802166 30.92475024624803
    endloop
  endfacet
  facet normal -1.256379066856765e-17 -0.9396926207859074 -0.34202014332567104
    outer loop
      vertex -55 -3.8610223694751573 31.68899597703916
      vertex 46.23463313526982 -3.672144845743877 31.170059245544962
      vertex 46.48236190979496 -3.7009062045922567 31.249080429533716
    endloop
  endfacet
  facet normal 1.0985560265025721e-16 -0.9396926207859166 -0.3420201433256463
    outer loop
      vertex -55 -3.8610223694751573 31.68899597703916
      vertex 46.48236190979496 -3.7009062045922567 31.249080429533716
      vertex 46.738947615559894 -3.7183622526666893 31.297040527451138
    endloop
  endfacet
  facet normal -2.0213041658221017e-16 -0.9396926207858907 -0.3420201433257171
    outer loop
      vertex -55 -3.8610223694751573 31.68899597703916
      vertex 46.738947615559894 -3.7183622526666893 31.297040527451138
      vertex 47 -3.7242143121448903 31.313118928724798
    endloop
  endfacet
  facet normal -2.2728508386342986e-16 -0.9396926207859059 -0.3420201433256757
    outer loop
      vertex -55 -3.8610223694751573 31.68899597703916
      vertex 45.06814834742186 -2.863131371690799 28.947312993549595
      vertex 45.01711027725238 -2.9508888515518423 29.18842468785605
    endloop
  endfacet
  facet normal 0 -0.9396926207859082 -0.34202014332566927
    outer loop
      vertex -55 -3.8610223694751573 31.68899597703916
      vertex 47 -3.7242143121448903 31.313118928724798
      vertex 55 -3.8610223694751573 31.68899597703916
    endloop
  endfacet
  facet normal -5.937804087255559e-18 -0.3420201433256684 0.9396926207859085
    outer loop
      vertex 55 -6.055482083583697 27.484909088884415
      vertex 55 -2.7665579108330176 28.681979590524254
      vertex 48.83067989277514 -2.7665579108330176 28.681979590524254
    endloop
  endfacet
  facet normal 0 -0.9396926207859088 -0.34202014332566766
    outer loop
      vertex 48.83067989277514 -2.7665579108330176 28.681979590524254
      vertex 55 -2.7665579108330176 28.681979590524254
      vertex 48.84775906502257 -2.778403140721819 28.714524092171985
    endloop
  endfacet
  facet normal -4.463508255602491e-16 -0.9396926207859059 -0.3420201433256759
    outer loop
      vertex 48.93185165257814 -2.863131371690799 28.947312993549595
      vertex 55 -2.7665579108330176 28.681979590524254
      vertex 48.98288972274762 -2.9508888515518423 29.18842468785605
    endloop
  endfacet
  facet normal 4.2103380771602883e-16 -0.9396926207859092 -0.3420201433256668
    outer loop
      vertex 48.98288972274762 -2.9508888515518423 29.18842468785605
      vertex 55 -2.7665579108330176 28.681979590524254
      vertex 49 -3.0401740254935534 29.43373368715298
    endloop
  endfacet
  facet normal 5.568932619769126e-18 -0.9396926207859091 -0.34202014332566677
    outer loop
      vertex 48.84775906502257 -2.778403140721819 28.714524092171985
      vertex 55 -2.7665579108330176 28.681979590524254
      vertex 48.93185165257814 -2.863131371690799 28.947312993549595
    endloop
  endfacet
  facet normal -6.910009227437732e-16 -0.939692620785909 -0.34202014332566677
    outer loop
      vertex 49 -3.0401740254935534 29.43373368715298
      vertex 55 -3.8610223694751573 31.68899597703916
      vertex 48.98288972274762 -3.1294591994352645 29.67904268644991
    endloop
  endfacet
  facet normal 4.287907837123987e-16 -0.9396926207859079 -0.34202014332566977
    outer loop
      vertex 48.93185165257814 -3.217216679296306 29.920154380756365
      vertex 55 -3.8610223694751573 31.68899597703916
      vertex 48.84775906502257 -3.301944910265287 30.152943282133975
    endloop
  endfacet
  facet normal -1.262399588012054e-15 -0.9396926207859102 -0.3420201433256638
    outer loop
      vertex 48.84775906502257 -3.301944910265287 30.152943282133975
      vertex 55 -3.8610223694751573 31.68899597703916
      vertex 48.732050807568875 -3.382194168819221 30.37342630793889
    endloop
  endfacet
  facet normal 4.3168637569637336e-16 -0.939692620785908 -0.34202014332566977
    outer loop
      vertex 48.98288972274762 -3.1294591994352645 29.67904268644991
      vertex 55 -3.8610223694751573 31.68899597703916
      vertex 48.93185165257814 -3.217216679296306 29.920154380756365
    endloop
  endfacet
  facet normal 1.5459171548534308e-15 -0.9396926207858977 -0.34202014332569824
    outer loop
      vertex 47 -3.7242143121448903 31.313118928724798
      vertex 47.261052384440106 -3.7183622526666893 31.297040527451138
      vertex 55 -3.8610223694751573 31.68899597703916
    endloop
  endfacet
  facet normal 2.8444629069972267e-16 -0.9396926207859079 -0.34202014332567027
    outer loop
      vertex 48.58670668058247 -3.456591367894956 30.57783093247014
      vertex 55 -3.8610223694751573 31.68899597703916
      vertex 48.41421356237309 -3.523863550789504 30.76265973593033
    endloop
  endfacet
  facet normal 1.9339479484911156e-16 -0.9396926207859074 -0.3420201433256713
    outer loop
      vertex 48 -3.6325702909456004 31.06132904985173
      vertex 55 -3.8610223694751573 31.68899597703916
      vertex 47.76536686473018 -3.672144845743877 31.170059245544962
    endloop
  endfacet
  facet normal 1.503655531497322e-16 -0.9396926207859077 -0.34202014332567077
    outer loop
      vertex 47.51763809020504 -3.7009062045922567 31.249080429533716
      vertex 47.76536686473018 -3.672144845743877 31.170059245544962
      vertex 55 -3.8610223694751573 31.68899597703916
    endloop
  endfacet
  facet normal -5.788439193198051e-16 -0.9396926207859103 -0.34202014332566366
    outer loop
      vertex 48 -3.6325702909456004 31.06132904985173
      vertex 48.21752285801744 -3.582859671802166 30.92475024624803
      vertex 55 -3.8610223694751573 31.68899597703916
    endloop
  endfacet
  facet normal 1.109609992960844e-16 -0.9396926207859082 -0.3420201433256691
    outer loop
      vertex 48.41421356237309 -3.523863550789504 30.76265973593033
      vertex 55 -3.8610223694751573 31.68899597703916
      vertex 48.21752285801744 -3.582859671802166 30.92475024624803
    endloop
  endfacet
  facet normal -1.1622644890584707e-15 -0.9396926207859149 -0.3420201433256511
    outer loop
      vertex 47.261052384440106 -3.7183622526666893 31.297040527451138
      vertex 47.51763809020504 -3.7009062045922567 31.249080429533716
      vertex 55 -3.8610223694751573 31.68899597703916
    endloop
  endfacet
  facet normal 4.2391298823168503e-16 -0.9396926207859077 -0.34202014332567093
    outer loop
      vertex 48.732050807568875 -3.382194168819221 30.37342630793889
      vertex 55 -3.8610223694751573 31.68899597703916
      vertex 48.58670668058247 -3.456591367894956 30.57783093247014
    endloop
  endfacet
  facet normal 1.4160535463332088e-16 -0.9396926207859083 -0.3420201433256688
    outer loop
      vertex 49 -3.0401740254935534 29.43373368715298
      vertex 55 -2.7665579108330176 28.681979590524254
      vertex 55 -3.8610223694751573 31.68899597703916
    endloop
  endfacet
  facet normal 0.9469301294951019 -0.10993877199351756 0.3020542935747591
    outer loop
      vertex 45.15224093497743 -15.464253521331582 24.097252157275456
      vertex 45.15224093497743 -13.115021969366811 24.95230251558963
      vertex 45.06814834742186 -15.548981752300563 24.330041058653066
    endloop
  endfacet
  facet normal 0.8968727415326876 -0.1512716412200255 0.4156154184558615
    outer loop
      vertex 45.267949192431125 -15.384004262777648 23.876769131470542
      vertex 45.16932010722486 -13.103176739478009 24.919758013941898
      vertex 45.15224093497743 -15.464253521331582 24.097252157275456
    endloop
  endfacet
  facet normal 0.9807852804032311 0.06672481989740606 -0.18332493598529923
    outer loop
      vertex 45.01711027725238 -15.815309580045028 25.061770751553382
      vertex 45.01711027725238 -13.466078028080258 25.916821109867556
      vertex 45.06814834742186 -15.90306705990607 25.302882445859836
    endloop
  endfacet
  facet normal 0.9978589232386037 0.02236918763323945 -0.06145883791386885
    outer loop
      vertex 45 -15.726024406103317 24.81646175225645
      vertex 45 -13.376792854138547 25.671512110570625
      vertex 45.01711027725238 -15.815309580045028 25.061770751553382
    endloop
  endfacet
  facet normal 0.9807852804032311 -0.06672481989740589 0.1833249359852988
    outer loop
      vertex 45.06814834742186 -15.548981752300563 24.330041058653066
      vertex 45.06814834742186 -13.199750200335792 25.18509141696724
      vertex 45.01711027725238 -15.636739232161606 24.57115275295952
    endloop
  endfacet
  facet normal 0.9978589232386037 -0.02236918763323945 0.06145883791386885
    outer loop
      vertex 45.01711027725238 -15.636739232161606 24.57115275295952
      vertex 45.01711027725238 -13.287507680196835 25.426203111273693
      vertex 45 -15.726024406103317 24.81646175225645
    endloop
  endfacet
  facet normal -0.8968727415326877 -0.1512716412200259 0.4156154184558614
    outer loop
      vertex 48.732050807568875 -15.384004262777648 23.876769131470542
      vertex 48.84775906502257 -15.464253521331582 24.097252157275456
      vertex 48.84775906502257 -13.115021969366811 24.95230251558963
    endloop
  endfacet
  facet normal -0.9807852804032311 0.066724819897406 -0.18332493598529923
    outer loop
      vertex 48.98288972274762 -15.815309580045028 25.061770751553382
      vertex 48.93185165257814 -15.90306705990607 25.302882445859836
      vertex 48.93185165257814 -13.553835507941297 26.15793280417401
    endloop
  endfacet
  facet normal -0.9978589232386037 0.022369187633239453 -0.06145883791386885
    outer loop
      vertex 49 -15.726024406103317 24.81646175225645
      vertex 48.98288972274762 -15.815309580045028 25.061770751553382
      vertex 48.98288972274762 -13.466078028080258 25.916821109867556
    endloop
  endfacet
  facet normal -0.9978589232386037 -0.022369187633239453 0.06145883791386885
    outer loop
      vertex 48.98288972274762 -15.636739232161606 24.57115275295952
      vertex 49 -15.726024406103317 24.81646175225645
      vertex 49 -13.376792854138547 25.671512110570625
    endloop
  endfacet
  facet normal -0.9807852804032311 -0.06672481989740589 0.1833249359852988
    outer loop
      vertex 48.93185165257814 -15.548981752300563 24.330041058653066
      vertex 48.98288972274762 -15.636739232161606 24.57115275295952
      vertex 48.98288972274762 -13.287507680196835 25.426203111273693
    endloop
  endfacet
  facet normal -0.9469301294951019 -0.10993877199351756 0.3020542935747591
    outer loop
      vertex 48.84775906502257 -15.464253521331582 24.097252157275456
      vertex 48.93185165257814 -15.548981752300563 24.330041058653066
      vertex 48.93185165257814 -13.199750200335792 25.18509141696724
    endloop
  endfacet
  facet normal 0.9469301294951019 -0.10993877199351756 0.3020542935747591
    outer loop
      vertex 45.06814834742186 -15.548981752300563 24.330041058653066
      vertex 45.15224093497743 -13.115021969366811 24.95230251558963
      vertex 45.06814834742186 -13.199750200335792 25.18509141696724
    endloop
  endfacet
  facet normal 0.9978589232386037 -0.02236918763323945 0.06145883791386885
    outer loop
      vertex 45 -15.726024406103317 24.81646175225645
      vertex 45.01711027725238 -13.287507680196835 25.426203111273693
      vertex 45 -13.376792854138547 25.671512110570625
    endloop
  endfacet
  facet normal 0.9807852804032311 -0.06672481989740589 0.1833249359852988
    outer loop
      vertex 45.01711027725238 -15.636739232161606 24.57115275295952
      vertex 45.06814834742186 -13.199750200335792 25.18509141696724
      vertex 45.01711027725238 -13.287507680196835 25.426203111273693
    endloop
  endfacet
  facet normal 0.8968727415326985 -0.1512716412200183 0.41561541845584044
    outer loop
      vertex 45.15224093497743 -15.464253521331582 24.097252157275456
      vertex 45.16932010722486 -13.103176739478009 24.919758013941898
      vertex 45.15224093497743 -13.115021969366811 24.95230251558963
    endloop
  endfacet
  facet normal 0.06540312923013639 -0.34128785194486483 0.9376806667526882
    outer loop
      vertex 46.738947615559894 -15.04783617893018 22.953154911958293
      vertex 47 -15.041984119451978 22.937076510684633
      vertex 47 -9.403828394736529 24.989197370638646
    endloop
  endfacet
  facet normal -0.9807852804032311 -0.0667248198974059 0.18332493598529884
    outer loop
      vertex 48.93185165257814 -15.548981752300563 24.330041058653066
      vertex 48.98288972274762 -13.287507680196835 25.426203111273693
      vertex 48.93185165257814 -13.199750200335792 25.18509141696724
    endloop
  endfacet
  facet normal -0.9978589232386037 0.022369187633239446 -0.06145883791386884
    outer loop
      vertex 49 -15.726024406103317 24.81646175225645
      vertex 48.98288972274762 -13.466078028080258 25.916821109867556
      vertex 49 -13.376792854138547 25.671512110570625
    endloop
  endfacet
  facet normal -0.9978589232386037 -0.022369187633239446 0.06145883791386884
    outer loop
      vertex 48.98288972274762 -15.636739232161606 24.57115275295952
      vertex 49 -13.376792854138547 25.671512110570625
      vertex 48.98288972274762 -13.287507680196835 25.426203111273693
    endloop
  endfacet
  facet normal -0.8968727415326987 -0.15127164122001566 0.41561541845584105
    outer loop
      vertex 48.732050807568875 -15.384004262777648 23.876769131470542
      vertex 48.84775906502257 -13.115021969366811 24.95230251558963
      vertex 48.83067989277514 -13.103176739478009 24.919758013941898
    endloop
  endfacet
  facet normal -0.946930129495102 -0.1099387719935176 0.3020542935747592
    outer loop
      vertex 48.84775906502257 -15.464253521331582 24.097252157275456
      vertex 48.93185165257814 -13.199750200335792 25.18509141696724
      vertex 48.84775906502257 -13.115021969366811 24.95230251558963
    endloop
  endfacet
  facet normal 0.8968727415326871 0.1512716412200261 -0.41561541845586225
    outer loop
      vertex 45.15224093497743 -15.98779529087505 25.535671347237447
      vertex 45.15224093497743 -13.638563738910278 26.39072170555162
      vertex 45.267949192431125 -16.068044549428983 25.75615437304236
    endloop
  endfacet
  facet normal 0.7518398074789693 0.225509550181709 -0.6195823969956133
    outer loop
      vertex 45.41329331941753 -16.14244174850472 25.96055899757361
      vertex 45.41329331941753 -13.793210196539949 26.815609355887783
      vertex 45.58578643762691 -16.209713931399268 26.145387801033802
    endloop
  endfacet
  facet normal 0.8314696123025553 0.1900162107248347 -0.5220652482968136
    outer loop
      vertex 45.267949192431125 -16.068044549428983 25.75615437304236
      vertex 45.267949192431125 -13.718812997464212 26.611204731356533
      vertex 45.41329331941753 -16.14244174850472 25.96055899757361
    endloop
  endfacet
  facet normal 0.6593458151000673 0.25714435871190394 -0.7064983191010942
    outer loop
      vertex 45.58578643762691 -16.209713931399268 26.145387801033802
      vertex 45.58578643762691 -13.860482379434497 27.000438159347976
      vertex 45.78247714198256 -16.26871005241193 26.307478311351502
    endloop
  endfacet
  facet normal 0.442288690219002 0.3067485436038955 -0.8427846970022941
    outer loop
      vertex 46 -16.318420671555366 26.4440571149552
      vertex 46 -13.969189119590592 27.299107473269373
      vertex 46.23463313526982 -16.35799522635364 26.552787310648434
    endloop
  endfacet
  facet normal 0.32143946530315254 0.3238691786093117 -0.889823255086398
    outer loop
      vertex 46.23463313526982 -16.35799522635364 26.552787310648434
      vertex 46.23463313526982 -14.00876367438887 27.407837668962607
      vertex 46.48236190979496 -16.386756585202022 26.631808494637188
    endloop
  endfacet
  facet normal 0.5555702330196092 0.28437935597065367 -0.7813258590884176
    outer loop
      vertex 45.78247714198256 -16.26871005241193 26.307478311351502
      vertex 45.78247714198256 -13.919478500447159 27.162528669665676
      vertex 46 -16.318420671555366 26.4440571149552
    endloop
  endfacet
  facet normal 0.1950903220161401 0.3354483221752184 -0.9216366905703514
    outer loop
      vertex 46.48236190979496 -16.386756585202022 26.631808494637188
      vertex 46.48236190979496 -14.037525033237248 27.48685885295136
      vertex 46.738947615559894 -16.40421263327645 26.67976859255461
    endloop
  endfacet
  facet normal 0.06540312923013639 0.3412878519448654 -0.9376806667526881
    outer loop
      vertex 46.738947615559894 -16.40421263327645 26.67976859255461
      vertex 46.738947615559894 -14.05498108131168 27.534818950868782
      vertex 47 -16.410064692754652 26.69584699382827
    endloop
  endfacet
  facet normal -0.06540312923013639 0.3412878519448654 -0.9376806667526881
    outer loop
      vertex 47 -16.410064692754652 26.69584699382827
      vertex 47 -14.060833140789882 27.550897352142442
      vertex 47.261052384440106 -16.40421263327645 26.67976859255461
    endloop
  endfacet
  facet normal -0.4422886902190021 0.30674854360389586 -0.8427846970022939
    outer loop
      vertex 48 -16.318420671555366 26.4440571149552
      vertex 47.76536686473018 -16.35799522635364 26.552787310648434
      vertex 47.76536686473018 -14.00876367438887 27.407837668962607
    endloop
  endfacet
  facet normal -0.1950903220161401 0.33544832217521886 -0.9216366905703512
    outer loop
      vertex 47.261052384440106 -16.40421263327645 26.67976859255461
      vertex 47.261052384440106 -14.05498108131168 27.534818950868782
      vertex 47.51763809020504 -16.386756585202022 26.631808494637188
    endloop
  endfacet
  facet normal -0.32143946530315254 0.32386917860931125 -0.8898232550863983
    outer loop
      vertex 47.51763809020504 -16.386756585202022 26.631808494637188
      vertex 47.51763809020504 -14.037525033237248 27.48685885295136
      vertex 47.76536686473018 -16.35799522635364 26.552787310648434
    endloop
  endfacet
  facet normal -0.5555702330196091 0.2843793559706532 -0.7813258590884176
    outer loop
      vertex 48 -16.318420671555366 26.4440571149552
      vertex 48 -13.969189119590592 27.299107473269373
      vertex 48.21752285801744 -16.26871005241193 26.307478311351502
    endloop
  endfacet
  facet normal 0.9469301294951019 0.1099387719935175 -0.30205429357475916
    outer loop
      vertex 45.06814834742186 -15.90306705990607 25.302882445859836
      vertex 45.06814834742186 -13.553835507941297 26.15793280417401
      vertex 45.15224093497743 -15.98779529087505 25.535671347237447
    endloop
  endfacet
  facet normal 0.7518398074789693 0.22550955018170898 -0.6195823969956132
    outer loop
      vertex 45.58578643762691 -16.209713931399268 26.145387801033802
      vertex 45.41329331941753 -13.793210196539949 26.815609355887783
      vertex 45.58578643762691 -13.860482379434497 27.000438159347976
    endloop
  endfacet
  facet normal 0.44228869021900574 0.3067485436038953 -0.8427846970022923
    outer loop
      vertex 46.23463313526982 -16.35799522635364 26.552787310648434
      vertex 46 -13.969189119590592 27.299107473269373
      vertex 46.23463313526982 -14.00876367438887 27.407837668962607
    endloop
  endfacet
  facet normal 0.6593458151000673 0.25714435871190394 -0.7064983191010942
    outer loop
      vertex 45.78247714198256 -16.26871005241193 26.307478311351502
      vertex 45.58578643762691 -13.860482379434497 27.000438159347976
      vertex 45.78247714198256 -13.919478500447159 27.162528669665676
    endloop
  endfacet
  facet normal 0.555570233019606 0.28437935597065395 -0.7813258590884194
    outer loop
      vertex 46 -16.318420671555366 26.4440571149552
      vertex 45.78247714198256 -13.919478500447159 27.162528669665676
      vertex 46 -13.969189119590592 27.299107473269373
    endloop
  endfacet
  facet normal 0.3214394653031484 0.32386917860931175 -0.8898232550863996
    outer loop
      vertex 46.48236190979496 -16.386756585202022 26.631808494637188
      vertex 46.23463313526982 -14.00876367438887 27.407837668962607
      vertex 46.48236190979496 -14.037525033237248 27.48685885295136
    endloop
  endfacet
  facet normal -0.44228869021900574 0.30674854360389486 -0.8427846970022924
    outer loop
      vertex 48 -16.318420671555366 26.4440571149552
      vertex 47.76536686473018 -14.00876367438887 27.407837668962607
      vertex 48 -13.969189119590592 27.299107473269373
    endloop
  endfacet
  facet normal 0.19509032201614457 0.3354483221752186 -0.9216366905703505
    outer loop
      vertex 46.738947615559894 -16.40421263327645 26.67976859255461
      vertex 46.48236190979496 -14.037525033237248 27.48685885295136
      vertex 46.738947615559894 -14.05498108131168 27.534818950868782
    endloop
  endfacet
  facet normal 0.0654031292301365 0.3412878519448654 -0.9376806667526881
    outer loop
      vertex 47 -16.410064692754652 26.69584699382827
      vertex 46.738947615559894 -14.05498108131168 27.534818950868782
      vertex 47 -14.060833140789882 27.550897352142442
    endloop
  endfacet
  facet normal -0.0654031292301363 0.3412878519448654 -0.9376806667526881
    outer loop
      vertex 47.261052384440106 -16.40421263327645 26.67976859255461
      vertex 47 -14.060833140789882 27.550897352142442
      vertex 47.261052384440106 -14.05498108131168 27.534818950868782
    endloop
  endfacet
  facet normal -0.1950903220161442 0.33544832217521814 -0.9216366905703506
    outer loop
      vertex 47.51763809020504 -16.386756585202022 26.631808494637188
      vertex 47.261052384440106 -14.05498108131168 27.534818950868782
      vertex 47.51763809020504 -14.037525033237248 27.48685885295136
    endloop
  endfacet
  facet normal -0.3214394653031484 0.32386917860931214 -0.8898232550863995
    outer loop
      vertex 47.76536686473018 -16.35799522635364 26.552787310648434
      vertex 47.51763809020504 -14.037525033237248 27.48685885295136
      vertex 47.76536686473018 -14.00876367438887 27.407837668962607
    endloop
  endfacet
  facet normal -0.8968727415326871 0.1512716412200262 -0.41561541845586225
    outer loop
      vertex 48.84775906502257 -15.98779529087505 25.535671347237447
      vertex 48.732050807568875 -16.068044549428983 25.75615437304236
      vertex 48.732050807568875 -13.718812997464212 26.611204731356533
    endloop
  endfacet
  facet normal -0.6593458151000673 0.25714435871190394 -0.7064983191010942
    outer loop
      vertex 48.41421356237309 -16.209713931399268 26.145387801033802
      vertex 48.21752285801744 -16.26871005241193 26.307478311351502
      vertex 48.21752285801744 -13.919478500447159 27.162528669665676
    endloop
  endfacet
  facet normal -0.7518398074789693 0.225509550181709 -0.6195823969956133
    outer loop
      vertex 48.58670668058247 -16.14244174850472 25.96055899757361
      vertex 48.41421356237309 -16.209713931399268 26.145387801033802
      vertex 48.41421356237309 -13.860482379434497 27.000438159347976
    endloop
  endfacet
  facet normal -0.8314696123025553 0.19001621072483468 -0.5220652482968136
    outer loop
      vertex 48.732050807568875 -16.068044549428983 25.75615437304236
      vertex 48.58670668058247 -16.14244174850472 25.96055899757361
      vertex 48.58670668058247 -13.793210196539949 26.815609355887783
    endloop
  endfacet
  facet normal -0.9469301294951019 0.1099387719935175 -0.30205429357475916
    outer loop
      vertex 48.93185165257814 -15.90306705990607 25.302882445859836
      vertex 48.84775906502257 -15.98779529087505 25.535671347237447
      vertex 48.84775906502257 -13.638563738910278 26.39072170555162
    endloop
  endfacet
  facet normal -0.7518398074789693 0.225509550181709 -0.6195823969956133
    outer loop
      vertex 48.58670668058247 -16.14244174850472 25.96055899757361
      vertex 48.41421356237309 -13.860482379434497 27.000438159347976
      vertex 48.58670668058247 -13.793210196539949 26.815609355887783
    endloop
  endfacet
  facet normal -0.6593458151000673 0.257144358711904 -0.7064983191010943
    outer loop
      vertex 48.41421356237309 -16.209713931399268 26.145387801033802
      vertex 48.21752285801744 -13.919478500447159 27.162528669665676
      vertex 48.41421356237309 -13.860482379434497 27.000438159347976
    endloop
  endfacet
  facet normal -0.5555702330196057 0.2843793559706544 -0.7813258590884196
    outer loop
      vertex 48.21752285801744 -16.26871005241193 26.307478311351502
      vertex 48 -13.969189119590592 27.299107473269373
      vertex 48.21752285801744 -13.919478500447159 27.162528669665676
    endloop
  endfacet
  facet normal 0.9807852804032311 0.06672481989740615 -0.18332493598529967
    outer loop
      vertex 45.06814834742186 -15.90306705990607 25.302882445859836
      vertex 45.01711027725238 -13.466078028080258 25.916821109867556
      vertex 45.06814834742186 -13.553835507941297 26.15793280417401
    endloop
  endfacet
  facet normal 0.9469301294951019 0.10993877199351751 -0.3020542935747592
    outer loop
      vertex 45.15224093497743 -15.98779529087505 25.535671347237447
      vertex 45.06814834742186 -13.553835507941297 26.15793280417401
      vertex 45.15224093497743 -13.638563738910278 26.39072170555162
    endloop
  endfacet
  facet normal 0.8968727415326877 0.15127164122002584 -0.41561541845586136
    outer loop
      vertex 45.267949192431125 -16.068044549428983 25.75615437304236
      vertex 45.15224093497743 -13.638563738910278 26.39072170555162
      vertex 45.267949192431125 -13.718812997464212 26.611204731356533
    endloop
  endfacet
  facet normal 0.8314696123025553 0.1900162107248347 -0.5220652482968136
    outer loop
      vertex 45.41329331941753 -16.14244174850472 25.96055899757361
      vertex 45.267949192431125 -13.718812997464212 26.611204731356533
      vertex 45.41329331941753 -13.793210196539949 26.815609355887783
    endloop
  endfacet
  facet normal 0.9978589232386037 0.02236918763323945 -0.06145883791386885
    outer loop
      vertex 45.01711027725238 -15.815309580045028 25.061770751553382
      vertex 45 -13.376792854138547 25.671512110570625
      vertex 45.01711027725238 -13.466078028080258 25.916821109867556
    endloop
  endfacet
  facet normal -0.980785280403231 0.06672481989740621 -0.18332493598529967
    outer loop
      vertex 48.98288972274762 -15.815309580045028 25.061770751553382
      vertex 48.93185165257814 -13.553835507941297 26.15793280417401
      vertex 48.98288972274762 -13.466078028080258 25.916821109867556
    endloop
  endfacet
  facet normal -0.9469301294951019 0.10993877199351747 -0.3020542935747591
    outer loop
      vertex 48.93185165257814 -15.90306705990607 25.302882445859836
      vertex 48.84775906502257 -13.638563738910278 26.39072170555162
      vertex 48.93185165257814 -13.553835507941297 26.15793280417401
    endloop
  endfacet
  facet normal -0.8968727415326876 0.15127164122002576 -0.4156154184558613
    outer loop
      vertex 48.84775906502257 -15.98779529087505 25.535671347237447
      vertex 48.732050807568875 -13.718812997464212 26.611204731356533
      vertex 48.84775906502257 -13.638563738910278 26.39072170555162
    endloop
  endfacet
  facet normal -0.8314696123025554 0.19001621072483468 -0.5220652482968134
    outer loop
      vertex 48.732050807568875 -16.068044549428983 25.75615437304236
      vertex 48.58670668058247 -13.793210196539949 26.815609355887783
      vertex 48.732050807568875 -13.718812997464212 26.611204731356533
    endloop
  endfacet
  facet normal 0.7518398074789682 -0.2255095501817091 0.6195823969956146
    outer loop
      vertex 45.58578643762691 -15.242334880807366 23.4875357034791
      vertex 45.58578643762691 -0.20725294823283136 28.959857996689802
      vertex 45.41329331941753 -15.309607063701913 23.672364506939292
    endloop
  endfacet
  facet normal 0.6593458151000674 -0.25714435871190355 0.7064983191010943
    outer loop
      vertex 45.78247714198256 -15.183338759794704 23.3254451931614
      vertex 45.78247714198256 -0.14825682722016964 28.797767486372102
      vertex 45.58578643762691 -15.242334880807366 23.4875357034791
    endloop
  endfacet
  facet normal 0.3214394653031526 -0.32386917860931125 0.8898232550863983
    outer loop
      vertex 46.23463313526982 -15.094053585852993 23.08013619386447
      vertex 46.48236190979496 -15.065292227004612 23.001115009875715
      vertex 46.48236190979496 -0.030210294430077944 28.473437303086417
    endloop
  endfacet
  facet normal 0.4422886902190021 -0.3067485436038955 0.8427846970022941
    outer loop
      vertex 46.23463313526982 -15.094053585852993 23.08013619386447
      vertex 46.23463313526982 -0.05897165327845766 28.55245848707517
      vertex 46 -15.133628140651268 23.188866389557703
    endloop
  endfacet
  facet normal 0.5555702330196092 -0.2843793559706532 0.7813258590884175
    outer loop
      vertex 46 -15.133628140651268 23.188866389557703
      vertex 46 -0.09854620807673342 28.661188682768405
      vertex 45.78247714198256 -15.183338759794704 23.3254451931614
    endloop
  endfacet
  facet normal 0.19509032201614454 -0.3354483221752181 0.9216366905703506
    outer loop
      vertex 46.48236190979496 -15.065292227004612 23.001115009875715
      vertex 46.738947615559894 -15.04783617893018 22.953154911958293
      vertex 46.738947615559894 -0.012754246355644483 28.425477205168995
    endloop
  endfacet
  facet normal 0.06540312923014657 -0.34128785194486505 0.9376806667526876
    outer loop
      vertex 46.738947615559894 -15.04783617893018 22.953154911958293
      vertex 47 -9.403828394736529 24.989197370638646
      vertex 47 -5.645057911592895 26.357277943941323
    endloop
  endfacet
  facet normal -0.0654031292301364 -0.34128785194486494 0.9376806667526884
    outer loop
      vertex 47 -15.041984119451978 22.937076510684633
      vertex 47.261052384440106 -15.04783617893018 22.953154911958293
      vertex 47.261052384440106 -0.012754246355644483 28.425477205168995
    endloop
  endfacet
  facet normal -0.19509032201614457 -0.335448322175218 0.9216366905703506
    outer loop
      vertex 47.261052384440106 -15.04783617893018 22.953154911958293
      vertex 47.51763809020504 -15.065292227004612 23.001115009875715
      vertex 47.51763809020504 -0.030210294430077944 28.473437303086417
    endloop
  endfacet
  facet normal -0.3214394653031526 -0.32386917860931125 0.8898232550863983
    outer loop
      vertex 47.51763809020504 -15.065292227004612 23.001115009875715
      vertex 47.76536686473018 -15.094053585852993 23.08013619386447
      vertex 47.76536686473018 -0.05897165327845766 28.55245848707517
    endloop
  endfacet
  facet normal -0.4422886902190021 -0.3067485436038954 0.8427846970022941
    outer loop
      vertex 47.76536686473018 -15.094053585852993 23.08013619386447
      vertex 48 -15.133628140651268 23.188866389557703
      vertex 48 -0.09854620807673342 28.661188682768405
    endloop
  endfacet
  facet normal -0.6593458151000673 -0.2571443587119036 0.7064983191010943
    outer loop
      vertex 48.21752285801744 -15.183338759794704 23.3254451931614
      vertex 48.41421356237309 -15.242334880807366 23.4875357034791
      vertex 48.41421356237309 -0.20725294823283136 28.959857996689802
    endloop
  endfacet
  facet normal -0.7518398074789682 -0.2255095501817091 0.6195823969956146
    outer loop
      vertex 48.41421356237309 -15.242334880807366 23.4875357034791
      vertex 48.58670668058247 -15.309607063701913 23.672364506939292
      vertex 48.58670668058247 -0.274525131127378 29.144686800149994
    endloop
  endfacet
  facet normal -0.5555702330196092 -0.2843793559706532 0.7813258590884175
    outer loop
      vertex 48 -15.133628140651268 23.188866389557703
      vertex 48.21752285801744 -15.183338759794704 23.3254451931614
      vertex 48.21752285801744 -0.14825682722016964 28.797767486372102
    endloop
  endfacet
  facet normal -0.06540312923014097 -0.34128785194486466 0.937680666752688
    outer loop
      vertex 47 -15.041984119451978 22.937076510684633
      vertex 47.261052384440106 -0.012754246355644483 28.425477205168995
      vertex 47 -9.403828394736529 24.989197370638646
    endloop
  endfacet
  facet normal 0.896872741532687 -0.15127164122002598 0.4156154184558625
    outer loop
      vertex 45.267949192431125 -15.384004262777648 23.876769131470542
      vertex 45.16932010722486 -2.7665579108330176 28.681979590524254
      vertex 45.16932010722486 -13.103176739478009 24.919758013941898
    endloop
  endfacet
  facet normal 0.8314696123025546 -0.19001621072483477 0.5220652482968146
    outer loop
      vertex 45.41329331941753 -15.309607063701913 23.672364506939292
      vertex 45.41329331941753 -0.274525131127378 29.144686800149994
      vertex 45.267949192431125 -15.384004262777648 23.876769131470542
    endloop
  endfacet
  facet normal -0.8314696123025547 -0.19001621072483477 0.5220652482968146
    outer loop
      vertex 48.58670668058247 -15.309607063701913 23.672364506939292
      vertex 48.732050807568875 -15.384004262777648 23.876769131470542
      vertex 48.732050807568875 -0.3489223302031128 29.349091424681244
    endloop
  endfacet
  facet normal -0.8968727415326868 -0.1512716412200262 0.41561541845586286
    outer loop
      vertex 48.732050807568875 -15.384004262777648 23.876769131470542
      vertex 48.83067989277514 -13.103176739478009 24.919758013941898
      vertex 48.732050807568875 -0.3489223302031128 29.349091424681244
    endloop
  endfacet
  facet normal 0.06540312923012642 -0.34128785194486494 0.9376806667526888
    outer loop
      vertex 46.738947615559894 -15.04783617893018 22.953154911958293
      vertex 47 -5.645057911592895 26.357277943941323
      vertex 47 -0.006902186877444372 28.409398803895336
    endloop
  endfacet
  facet normal 0.8968727415326859 -0.1512716412200268 0.41561541845586447
    outer loop
      vertex 45.267949192431125 -15.384004262777648 23.876769131470542
      vertex 45.267949192431125 -0.3489223302031128 29.349091424681244
      vertex 45.16932010722486 -2.7665579108330176 28.681979590524254
    endloop
  endfacet
  facet normal 0.6593458151000673 -0.2571443587119036 0.7064983191010944
    outer loop
      vertex 45.58578643762691 -15.242334880807366 23.4875357034791
      vertex 45.78247714198256 -0.14825682722016964 28.797767486372102
      vertex 45.58578643762691 -0.20725294823283136 28.959857996689802
    endloop
  endfacet
  facet normal 0.8314696123025546 -0.1900162107248349 0.5220652482968149
    outer loop
      vertex 45.267949192431125 -15.384004262777648 23.876769131470542
      vertex 45.41329331941753 -0.274525131127378 29.144686800149994
      vertex 45.267949192431125 -0.3489223302031128 29.349091424681244
    endloop
  endfacet
  facet normal 0.7518398074789676 -0.22550955018170935 0.6195823969956152
    outer loop
      vertex 45.41329331941753 -15.309607063701913 23.672364506939292
      vertex 45.58578643762691 -0.20725294823283136 28.959857996689802
      vertex 45.41329331941753 -0.274525131127378 29.144686800149994
    endloop
  endfacet
  facet normal 0.06540312923013644 -0.34128785194486494 0.9376806667526884
    outer loop
      vertex 46.738947615559894 -15.04783617893018 22.953154911958293
      vertex 47 -0.006902186877444372 28.409398803895336
      vertex 46.738947615559894 -0.012754246355644483 28.425477205168995
    endloop
  endfacet
  facet normal -0.06540312923012259 -0.3412878519448656 0.9376806667526889
    outer loop
      vertex 47 -9.403828394736529 24.989197370638646
      vertex 47.261052384440106 -0.012754246355644483 28.425477205168995
      vertex 47 -5.645057911592895 26.357277943941323
    endloop
  endfacet
  facet normal 0.44228869021900236 -0.3067485436038954 0.8427846970022939
    outer loop
      vertex 46 -15.133628140651268 23.188866389557703
      vertex 46.23463313526982 -0.05897165327845766 28.55245848707517
      vertex 46 -0.09854620807673342 28.661188682768405
    endloop
  endfacet
  facet normal 0.32143946530315265 -0.32386917860931125 0.8898232550863983
    outer loop
      vertex 46.23463313526982 -15.094053585852993 23.08013619386447
      vertex 46.48236190979496 -0.030210294430077944 28.473437303086417
      vertex 46.23463313526982 -0.05897165327845766 28.55245848707517
    endloop
  endfacet
  facet normal 0.5555702330196081 -0.2843793559706535 0.7813258590884182
    outer loop
      vertex 45.78247714198256 -15.183338759794704 23.3254451931614
      vertex 46 -0.09854620807673342 28.661188682768405
      vertex 45.78247714198256 -0.14825682722016964 28.797767486372102
    endloop
  endfacet
  facet normal 0.19509032201614515 -0.3354483221752181 0.9216366905703506
    outer loop
      vertex 46.48236190979496 -15.065292227004612 23.001115009875715
      vertex 46.738947615559894 -0.012754246355644483 28.425477205168995
      vertex 46.48236190979496 -0.030210294430077944 28.473437303086417
    endloop
  endfacet
  facet normal -0.19509032201614565 -0.335448322175218 0.9216366905703504
    outer loop
      vertex 47.261052384440106 -15.04783617893018 22.953154911958293
      vertex 47.51763809020504 -0.030210294430077944 28.473437303086417
      vertex 47.261052384440106 -0.012754246355644483 28.425477205168995
    endloop
  endfacet
  facet normal -0.3214394653031531 -0.32386917860931114 0.8898232550863981
    outer loop
      vertex 47.51763809020504 -15.065292227004612 23.001115009875715
      vertex 47.76536686473018 -0.05897165327845766 28.55245848707517
      vertex 47.51763809020504 -0.030210294430077944 28.473437303086417
    endloop
  endfacet
  facet normal -0.44228869021900286 -0.30674854360389536 0.8427846970022937
    outer loop
      vertex 47.76536686473018 -15.094053585852993 23.08013619386447
      vertex 48 -0.09854620807673342 28.661188682768405
      vertex 47.76536686473018 -0.05897165327845766 28.55245848707517
    endloop
  endfacet
  facet normal -0.5555702330196084 -0.2843793559706534 0.7813258590884179
    outer loop
      vertex 48 -15.133628140651268 23.188866389557703
      vertex 48.21752285801744 -0.14825682722016964 28.797767486372102
      vertex 48 -0.09854620807673342 28.661188682768405
    endloop
  endfacet
  facet normal -0.6593458151000675 -0.2571443587119035 0.7064983191010941
    outer loop
      vertex 48.21752285801744 -15.183338759794704 23.3254451931614
      vertex 48.41421356237309 -0.20725294823283136 28.959857996689802
      vertex 48.21752285801744 -0.14825682722016964 28.797767486372102
    endloop
  endfacet
  facet normal -0.8968727415326855 -0.151271641220027 0.41561541845586525
    outer loop
      vertex 48.83067989277514 -13.103176739478009 24.919758013941898
      vertex 48.83067989277514 -2.7665579108330176 28.681979590524254
      vertex 48.732050807568875 -0.3489223302031128 29.349091424681244
    endloop
  endfacet
  facet normal -0.7518398074789678 -0.22550955018170923 0.6195823969956149
    outer loop
      vertex 48.41421356237309 -15.242334880807366 23.4875357034791
      vertex 48.58670668058247 -0.274525131127378 29.144686800149994
      vertex 48.41421356237309 -0.20725294823283136 28.959857996689802
    endloop
  endfacet
  facet normal -0.8314696123025546 -0.19001621072483477 0.5220652482968146
    outer loop
      vertex 48.58670668058247 -15.309607063701913 23.672364506939292
      vertex 48.732050807568875 -0.3489223302031128 29.349091424681244
      vertex 48.58670668058247 -0.274525131127378 29.144686800149994
    endloop
  endfacet
  facet normal 0.9469301294951019 -0.10993877199351766 0.3020542935747595
    outer loop
      vertex 45.15224093497743 -2.778403140721819 28.714524092171985
      vertex 45.15224093497743 -0.42917158875704775 29.569574450486158
      vertex 45.06814834742186 -2.863131371690799 28.947312993549595
    endloop
  endfacet
  facet normal 0.9978589232386037 -0.022369187633239442 0.06145883791386885
    outer loop
      vertex 45.01711027725238 -2.9508888515518423 29.18842468785605
      vertex 45.01711027725238 -0.601657299587071 30.043475046170222
      vertex 45 -3.0401740254935534 29.43373368715298
    endloop
  endfacet
  facet normal 0.9807852804032311 -0.06672481989740588 0.18332493598529884
    outer loop
      vertex 45.06814834742186 -2.863131371690799 28.947312993549595
      vertex 45.06814834742186 -0.5138998197260278 29.802363351863768
      vertex 45.01711027725238 -2.9508888515518423 29.18842468785605
    endloop
  endfacet
  facet normal -0.9469301294951019 -0.10993877199351765 0.30205429357475944
    outer loop
      vertex 48.84775906502257 -2.778403140721819 28.714524092171985
      vertex 48.93185165257814 -2.863131371690799 28.947312993549595
      vertex 48.93185165257814 -0.5138998197260278 29.802363351863768
    endloop
  endfacet
  facet normal -0.9807852804032311 -0.06672481989740588 0.18332493598529884
    outer loop
      vertex 48.93185165257814 -2.863131371690799 28.947312993549595
      vertex 48.98288972274762 -2.9508888515518423 29.18842468785605
      vertex 48.98288972274762 -0.601657299587071 30.043475046170222
    endloop
  endfacet
  facet normal -0.9978589232386037 -0.022369187633239446 0.06145883791386885
    outer loop
      vertex 48.98288972274762 -2.9508888515518423 29.18842468785605
      vertex 49 -3.0401740254935534 29.43373368715298
      vertex 49 -0.6909424735287821 30.288784045467153
    endloop
  endfacet
  facet normal 0.7518398074789693 0.22550955018170893 -0.6195823969956133
    outer loop
      vertex 45.41329331941753 -3.456591367894956 30.57783093247014
      vertex 45.41329331941753 -1.1073598159301845 31.432881290784312
      vertex 45.58578643762691 -3.523863550789504 30.76265973593033
    endloop
  endfacet
  facet normal 0.5555702330196076 0.28437935597065395 -0.7813258590884185
    outer loop
      vertex 45.78247714198256 -3.582859671802166 30.92475024624803
      vertex 45.78247714198256 -1.2336281198373946 31.779800604562205
      vertex 46 -3.6325702909456004 31.06132904985173
    endloop
  endfacet
  facet normal 0.44228869021900397 0.30674854360389553 -0.8427846970022932
    outer loop
      vertex 46 -3.6325702909456004 31.06132904985173
      vertex 46 -1.283338738980829 31.916379408165902
      vertex 46.23463313526982 -3.672144845743877 31.170059245544962
    endloop
  endfacet
  facet normal 0.6593458151000674 0.2571443587119039 -0.7064983191010943
    outer loop
      vertex 45.58578643762691 -3.523863550789504 30.76265973593033
      vertex 45.58578643762691 -1.174631998824733 31.617710094244504
      vertex 45.78247714198256 -3.582859671802166 30.92475024624803
    endloop
  endfacet
  facet normal 0.3214394653031505 0.32386917860931186 -0.8898232550863989
    outer loop
      vertex 46.23463313526982 -3.672144845743877 31.170059245544962
      vertex 46.23463313526982 -1.3229132937791057 32.025109603859136
      vertex 46.48236190979496 -3.7009062045922567 31.249080429533716
    endloop
  endfacet
  facet normal -0.5555702330196076 0.28437935597065395 -0.7813258590884185
    outer loop
      vertex 48 -3.6325702909456004 31.06132904985173
      vertex 48 -1.283338738980829 31.916379408165902
      vertex 48.21752285801744 -3.582859671802166 30.92475024624803
    endloop
  endfacet
  facet normal 0.19509032201614457 0.3354483221752197 -0.92163669057035
    outer loop
      vertex 46.48236190979496 -3.7009062045922567 31.249080429533716
      vertex 46.48236190979496 -1.3516746526274854 32.10413078784789
      vertex 46.738947615559894 -3.7183622526666893 31.297040527451138
    endloop
  endfacet
  facet normal 0.06540312923013639 0.3412878519448653 -0.9376806667526881
    outer loop
      vertex 46.738947615559894 -3.7183622526666893 31.297040527451138
      vertex 46.738947615559894 -1.369130700701918 32.15209088576531
      vertex 47 -3.7242143121448903 31.313118928724798
    endloop
  endfacet
  facet normal -0.06540312923013639 0.3412878519448653 -0.9376806667526881
    outer loop
      vertex 47 -3.7242143121448903 31.313118928724798
      vertex 47 -1.374982760180119 32.16816928703897
      vertex 47.261052384440106 -3.7183622526666893 31.297040527451138
    endloop
  endfacet
  facet normal -0.3214394653031505 0.323869178609313 -0.8898232550863984
    outer loop
      vertex 47.51763809020504 -3.7009062045922567 31.249080429533716
      vertex 47.51763809020504 -1.3516746526274854 32.10413078784789
      vertex 47.76536686473018 -3.672144845743877 31.170059245544962
    endloop
  endfacet
  facet normal -0.1950903220161446 0.33544832217521847 -0.9216366905703505
    outer loop
      vertex 47.261052384440106 -3.7183622526666893 31.297040527451138
      vertex 47.261052384440106 -1.369130700701918 32.15209088576531
      vertex 47.51763809020504 -3.7009062045922567 31.249080429533716
    endloop
  endfacet
  facet normal -0.44228869021900397 0.30674854360389553 -0.8427846970022932
    outer loop
      vertex 48 -3.6325702909456004 31.06132904985173
      vertex 47.76536686473018 -3.672144845743877 31.170059245544962
      vertex 47.76536686473018 -1.3229132937791057 32.025109603859136
    endloop
  endfacet
  facet normal 0.9807852804032311 0.06672481989740603 -0.18332493598529925
    outer loop
      vertex 45.01711027725238 -3.1294591994352645 29.67904268644991
      vertex 45.01711027725238 -0.7802276474704932 30.534093044764084
      vertex 45.06814834742186 -3.217216679296306 29.920154380756365
    endloop
  endfacet
  facet normal 0.9469301294951019 0.10993877199351752 -0.30205429357475916
    outer loop
      vertex 45.06814834742186 -3.217216679296306 29.920154380756365
      vertex 45.06814834742186 -0.8679851273315347 30.77520473907054
      vertex 45.15224093497743 -3.301944910265287 30.152943282133975
    endloop
  endfacet
  facet normal 0.8968727415326876 0.1512716412200258 -0.4156154184558613
    outer loop
      vertex 45.15224093497743 -3.301944910265287 30.152943282133975
      vertex 45.15224093497743 -0.9527133583005156 31.00799364044815
      vertex 45.267949192431125 -3.382194168819221 30.37342630793889
    endloop
  endfacet
  facet normal 0.8314696123025547 0.190016210724835 -0.5220652482968146
    outer loop
      vertex 45.267949192431125 -3.382194168819221 30.37342630793889
      vertex 45.267949192431125 -1.0329626168544497 31.228476666253062
      vertex 45.41329331941753 -3.456591367894956 30.57783093247014
    endloop
  endfacet
  facet normal 0.9978589232386037 0.022369187633239442 -0.06145883791386885
    outer loop
      vertex 45 -3.0401740254935534 29.43373368715298
      vertex 45 -0.6909424735287821 30.288784045467153
      vertex 45.01711027725238 -3.1294591994352645 29.67904268644991
    endloop
  endfacet
  facet normal 0.5555702330196075 0.28437935597065395 -0.7813258590884185
    outer loop
      vertex 46 -3.6325702909456004 31.06132904985173
      vertex 45.78247714198256 -1.2336281198373946 31.779800604562205
      vertex 46 -1.283338738980829 31.916379408165902
    endloop
  endfacet
  facet normal 0.3214394653031618 0.3238691786093117 -0.8898232550863948
    outer loop
      vertex 46.48236190979496 -3.7009062045922567 31.249080429533716
      vertex 46.23463313526982 -1.3229132937791057 32.025109603859136
      vertex 46.48236190979496 -1.3516746526274854 32.10413078784789
    endloop
  endfacet
  facet normal 0.4422886902190038 0.30674854360389553 -0.8427846970022932
    outer loop
      vertex 46.23463313526982 -3.672144845743877 31.170059245544962
      vertex 46 -1.283338738980829 31.916379408165902
      vertex 46.23463313526982 -1.3229132937791057 32.025109603859136
    endloop
  endfacet
  facet normal 0.19509032201613224 0.33544832217521925 -0.9216366905703527
    outer loop
      vertex 46.738947615559894 -3.7183622526666893 31.297040527451138
      vertex 46.48236190979496 -1.3516746526274854 32.10413078784789
      vertex 46.738947615559894 -1.369130700701918 32.15209088576531
    endloop
  endfacet
  facet normal 0.06540312923013628 0.34128785194486533 -0.9376806667526882
    outer loop
      vertex 47 -3.7242143121448903 31.313118928724798
      vertex 46.738947615559894 -1.369130700701918 32.15209088576531
      vertex 47 -1.374982760180119 32.16816928703897
    endloop
  endfacet
  facet normal -0.06540312923013648 0.3412878519448653 -0.9376806667526881
    outer loop
      vertex 47.261052384440106 -3.7183622526666893 31.297040527451138
      vertex 47 -1.374982760180119 32.16816928703897
      vertex 47.261052384440106 -1.369130700701918 32.15209088576531
    endloop
  endfacet
  facet normal -0.32143946530316214 0.32386917860931047 -0.8898232550863951
    outer loop
      vertex 47.76536686473018 -3.672144845743877 31.170059245544962
      vertex 47.51763809020504 -1.3516746526274854 32.10413078784789
      vertex 47.76536686473018 -1.3229132937791057 32.025109603859136
    endloop
  endfacet
  facet normal -0.19509032201613222 0.3354483221752205 -0.9216366905703522
    outer loop
      vertex 47.51763809020504 -3.7009062045922567 31.249080429533716
      vertex 47.261052384440106 -1.369130700701918 32.15209088576531
      vertex 47.51763809020504 -1.3516746526274854 32.10413078784789
    endloop
  endfacet
  facet normal -0.4422886902190038 0.3067485436038956 -0.8427846970022933
    outer loop
      vertex 48 -3.6325702909456004 31.06132904985173
      vertex 47.76536686473018 -1.3229132937791057 32.025109603859136
      vertex 48 -1.283338738980829 31.916379408165902
    endloop
  endfacet
  facet normal -0.7518398074789693 0.22550955018170893 -0.6195823969956133
    outer loop
      vertex 48.58670668058247 -3.456591367894956 30.57783093247014
      vertex 48.41421356237309 -3.523863550789504 30.76265973593033
      vertex 48.41421356237309 -1.174631998824733 31.617710094244504
    endloop
  endfacet
  facet normal -0.6593458151000674 0.2571443587119039 -0.7064983191010943
    outer loop
      vertex 48.41421356237309 -3.523863550789504 30.76265973593033
      vertex 48.21752285801744 -3.582859671802166 30.92475024624803
      vertex 48.21752285801744 -1.2336281198373946 31.779800604562205
    endloop
  endfacet
  facet normal -0.9807852804032311 0.06672481989740602 -0.18332493598529923
    outer loop
      vertex 48.98288972274762 -3.1294591994352645 29.67904268644991
      vertex 48.93185165257814 -3.217216679296306 29.920154380756365
      vertex 48.93185165257814 -0.8679851273315347 30.77520473907054
    endloop
  endfacet
  facet normal -0.8968727415326876 0.15127164122002582 -0.4156154184558613
    outer loop
      vertex 48.84775906502257 -3.301944910265287 30.152943282133975
      vertex 48.732050807568875 -3.382194168819221 30.37342630793889
      vertex 48.732050807568875 -1.0329626168544497 31.228476666253062
    endloop
  endfacet
  facet normal -0.8314696123025547 0.190016210724835 -0.5220652482968146
    outer loop
      vertex 48.732050807568875 -3.382194168819221 30.37342630793889
      vertex 48.58670668058247 -3.456591367894956 30.57783093247014
      vertex 48.58670668058247 -1.1073598159301845 31.432881290784312
    endloop
  endfacet
  facet normal -0.9469301294951019 0.10993877199351752 -0.30205429357475916
    outer loop
      vertex 48.93185165257814 -3.217216679296306 29.920154380756365
      vertex 48.84775906502257 -3.301944910265287 30.152943282133975
      vertex 48.84775906502257 -0.9527133583005156 31.00799364044815
    endloop
  endfacet
  facet normal -0.9978589232386037 0.022369187633239446 -0.06145883791386885
    outer loop
      vertex 49 -3.0401740254935534 29.43373368715298
      vertex 48.98288972274762 -3.1294591994352645 29.67904268644991
      vertex 48.98288972274762 -0.7802276474704932 30.534093044764084
    endloop
  endfacet
  facet normal -0.5555702330196074 0.28437935597065395 -0.7813258590884185
    outer loop
      vertex 48.21752285801744 -3.582859671802166 30.92475024624803
      vertex 48 -1.283338738980829 31.916379408165902
      vertex 48.21752285801744 -1.2336281198373946 31.779800604562205
    endloop
  endfacet
  facet normal -0.06540312923013554 -0.3412878519448648 0.9376806667526885
    outer loop
      vertex 47 -5.645057911592895 26.357277943941323
      vertex 47.261052384440106 -0.012754246355644483 28.425477205168995
      vertex 47 -0.006902186877444372 28.409398803895336
    endloop
  endfacet
  facet normal 0.8968727415326972 -0.15127164122002126 0.4156154184558424
    outer loop
      vertex 45.16932010722486 -2.7665579108330176 28.681979590524254
      vertex 45.267949192431125 -0.3489223302031128 29.349091424681244
      vertex 45.15224093497743 -2.778403140721819 28.714524092171985
    endloop
  endfacet
  facet normal 0.8968727415326878 -0.15127164122002568 0.4156154184558609
    outer loop
      vertex 45.15224093497743 -2.778403140721819 28.714524092171985
      vertex 45.267949192431125 -0.3489223302031128 29.349091424681244
      vertex 45.15224093497743 -0.42917158875704775 29.569574450486158
    endloop
  endfacet
  facet normal 0.9469301294951019 -0.10993877199351765 0.30205429357475944
    outer loop
      vertex 45.06814834742186 -2.863131371690799 28.947312993549595
      vertex 45.15224093497743 -0.42917158875704775 29.569574450486158
      vertex 45.06814834742186 -0.5138998197260278 29.802363351863768
    endloop
  endfacet
  facet normal 0.9807852804032311 -0.06672481989740588 0.18332493598529886
    outer loop
      vertex 45.01711027725238 -2.9508888515518423 29.18842468785605
      vertex 45.06814834742186 -0.5138998197260278 29.802363351863768
      vertex 45.01711027725238 -0.601657299587071 30.043475046170222
    endloop
  endfacet
  facet normal -0.8968727415326971 -0.15127164122001915 0.4156154184558431
    outer loop
      vertex 48.83067989277514 -2.7665579108330176 28.681979590524254
      vertex 48.84775906502257 -2.778403140721819 28.714524092171985
      vertex 48.84775906502257 -0.42917158875704775 29.569574450486158
    endloop
  endfacet
  facet normal -0.8968727415326878 -0.15127164122002595 0.41561541845586075
    outer loop
      vertex 48.83067989277514 -2.7665579108330176 28.681979590524254
      vertex 48.84775906502257 -0.42917158875704775 29.569574450486158
      vertex 48.732050807568875 -0.3489223302031128 29.349091424681244
    endloop
  endfacet
  facet normal -0.9469301294951019 -0.10993877199351762 0.30205429357475944
    outer loop
      vertex 48.84775906502257 -2.778403140721819 28.714524092171985
      vertex 48.93185165257814 -0.5138998197260278 29.802363351863768
      vertex 48.84775906502257 -0.42917158875704775 29.569574450486158
    endloop
  endfacet
  facet normal -0.9807852804032311 -0.06672481989740589 0.1833249359852989
    outer loop
      vertex 48.93185165257814 -2.863131371690799 28.947312993549595
      vertex 48.98288972274762 -0.601657299587071 30.043475046170222
      vertex 48.93185165257814 -0.5138998197260278 29.802363351863768
    endloop
  endfacet
  facet normal 0.9978589232386037 -0.022369187633239446 0.06145883791386886
    outer loop
      vertex 45 -3.0401740254935534 29.43373368715298
      vertex 45.01711027725238 -0.601657299587071 30.043475046170222
      vertex 45 -0.6909424735287821 30.288784045467153
    endloop
  endfacet
  facet normal 0.9978589232386037 0.022369187633239446 -0.06145883791386886
    outer loop
      vertex 45.01711027725238 -3.1294591994352645 29.67904268644991
      vertex 45 -0.6909424735287821 30.288784045467153
      vertex 45.01711027725238 -0.7802276474704932 30.534093044764084
    endloop
  endfacet
  facet normal 0.9807852804032311 0.06672481989740604 -0.18332493598529928
    outer loop
      vertex 45.06814834742186 -3.217216679296306 29.920154380756365
      vertex 45.01711027725238 -0.7802276474704932 30.534093044764084
      vertex 45.06814834742186 -0.8679851273315347 30.77520473907054
    endloop
  endfacet
  facet normal 0.9469301294951019 0.10993877199351751 -0.3020542935747591
    outer loop
      vertex 45.15224093497743 -3.301944910265287 30.152943282133975
      vertex 45.06814834742186 -0.8679851273315347 30.77520473907054
      vertex 45.15224093497743 -0.9527133583005156 31.00799364044815
    endloop
  endfacet
  facet normal 0.7518398074789693 0.22550955018170893 -0.6195823969956133
    outer loop
      vertex 45.58578643762691 -3.523863550789504 30.76265973593033
      vertex 45.41329331941753 -1.1073598159301845 31.432881290784312
      vertex 45.58578643762691 -1.174631998824733 31.617710094244504
    endloop
  endfacet
  facet normal 0.8968727415326877 0.15127164122002584 -0.4156154184558614
    outer loop
      vertex 45.267949192431125 -3.382194168819221 30.37342630793889
      vertex 45.15224093497743 -0.9527133583005156 31.00799364044815
      vertex 45.267949192431125 -1.0329626168544497 31.228476666253062
    endloop
  endfacet
  facet normal 0.8314696123025546 0.19001621072483504 -0.5220652482968146
    outer loop
      vertex 45.41329331941753 -3.456591367894956 30.57783093247014
      vertex 45.267949192431125 -1.0329626168544497 31.228476666253062
      vertex 45.41329331941753 -1.1073598159301845 31.432881290784312
    endloop
  endfacet
  facet normal 0.6593458151000673 0.2571443587119039 -0.7064983191010943
    outer loop
      vertex 45.78247714198256 -3.582859671802166 30.92475024624803
      vertex 45.58578643762691 -1.174631998824733 31.617710094244504
      vertex 45.78247714198256 -1.2336281198373946 31.779800604562205
    endloop
  endfacet
  facet normal -0.8968727415326877 0.1512716412200258 -0.4156154184558613
    outer loop
      vertex 48.84775906502257 -3.301944910265287 30.152943282133975
      vertex 48.732050807568875 -1.0329626168544497 31.228476666253062
      vertex 48.84775906502257 -0.9527133583005156 31.00799364044815
    endloop
  endfacet
  facet normal -0.9978589232386037 -0.022369187633239442 0.06145883791386885
    outer loop
      vertex 48.98288972274762 -2.9508888515518423 29.18842468785605
      vertex 49 -0.6909424735287821 30.288784045467153
      vertex 48.98288972274762 -0.601657299587071 30.043475046170222
    endloop
  endfacet
  facet normal -0.9978589232386037 0.022369187633239442 -0.06145883791386885
    outer loop
      vertex 49 -3.0401740254935534 29.43373368715298
      vertex 48.98288972274762 -0.7802276474704932 30.534093044764084
      vertex 49 -0.6909424735287821 30.288784045467153
    endloop
  endfacet
  facet normal -0.9469301294951019 0.1099387719935175 -0.30205429357475905
    outer loop
      vertex 48.93185165257814 -3.217216679296306 29.920154380756365
      vertex 48.84775906502257 -0.9527133583005156 31.00799364044815
      vertex 48.93185165257814 -0.8679851273315347 30.77520473907054
    endloop
  endfacet
  facet normal -0.9807852804032311 0.06672481989740604 -0.18332493598529928
    outer loop
      vertex 48.98288972274762 -3.1294591994352645 29.67904268644991
      vertex 48.93185165257814 -0.8679851273315347 30.77520473907054
      vertex 48.98288972274762 -0.7802276474704932 30.534093044764084
    endloop
  endfacet
  facet normal -0.6593458151000672 0.2571443587119039 -0.7064983191010943
    outer loop
      vertex 48.41421356237309 -3.523863550789504 30.76265973593033
      vertex 48.21752285801744 -1.2336281198373946 31.779800604562205
      vertex 48.41421356237309 -1.174631998824733 31.617710094244504
    endloop
  endfacet
  facet normal -0.7518398074789692 0.22550955018170893 -0.6195823969956133
    outer loop
      vertex 48.58670668058247 -3.456591367894956 30.57783093247014
      vertex 48.41421356237309 -1.174631998824733 31.617710094244504
      vertex 48.58670668058247 -1.1073598159301845 31.432881290784312
    endloop
  endfacet
  facet normal -0.8314696123025547 0.190016210724835 -0.5220652482968146
    outer loop
      vertex 48.732050807568875 -3.382194168819221 30.37342630793889
      vertex 48.58670668058247 -1.1073598159301845 31.432881290784312
      vertex 48.732050807568875 -1.0329626168544497 31.228476666253062
    endloop
  endfacet
  facet normal -1 0 0
    outer loop
      vertex -6.8 -3 0
      vertex -6.8 -3 5
      vertex -6.8 -1.8793852415718169 4.315959713348662
    endloop
  endfacet
  facet normal 0 -1 0
    outer loop
      vertex -6.8 -3 0
      vertex 6.8 -3 5
      vertex -6.8 -3 5
    endloop
  endfacet
  facet normal -1 0 0
    outer loop
      vertex -6.8 -3 5
      vertex -6.8 -2.1283555449518246 5
      vertex -6.8 -1.8793852415718169 4.315959713348662
    endloop
  endfacet
  facet normal 0 0 1
    outer loop
      vertex -6.8 -3 5
      vertex 6.8 -3 5
      vertex -6.8 -2.1283555449518246 5
    endloop
  endfacet
  facet normal -1 0 0
    outer loop
      vertex -6.8 -3 0
      vertex -6.8 -1.8793852415718169 4.315959713348662
      vertex -6.8 -9.43689570931383e-16 5
    endloop
  endfacet
  facet normal -1 0 0
    outer loop
      vertex -6.8 -3 0
      vertex -6.8 -9.43689570931383e-16 5
      vertex -6.8 3 5
    endloop
  endfacet
  facet normal -1 0 0
    outer loop
      vertex -6.8 -3 0
      vertex -6.8 3 5
      vertex -6.8 3 0
    endloop
  endfacet
  facet normal 0 0 -1
    outer loop
      vertex -6.8 -3 0
      vertex -6.8 3 0
      vertex 6.8 3 0
    endloop
  endfacet
  facet normal 0 1 0
    outer loop
      vertex -6.8 3 0
      vertex -6.8 3 5
      vertex 6.8 3 0
    endloop
  endfacet
  facet normal 0 0 1
    outer loop
      vertex -6.8 3 5
      vertex -6.8 -9.43689570931383e-16 5
      vertex 6.8 9.43689570931383e-16 5
    endloop
  endfacet
  facet normal 0 -1 0
    outer loop
      vertex -6.8 -3 0
      vertex 6.8 -3 0
      vertex 6.8 -3 5
    endloop
  endfacet
  facet normal 0 0 1
    outer loop
      vertex 6.8 -3 5
      vertex 6.8 -2.1283555449518246 5
      vertex -6.8 -2.1283555449518246 5
    endloop
  endfacet
  facet normal 1 0 0
    outer loop
      vertex 6.8 -3 5
      vertex 6.8 -1.8793852415718169 4.315959713348662
      vertex 6.8 -2.1283555449518246 5
    endloop
  endfacet
  facet normal 0 0 -1
    outer loop
      vertex -6.8 -3 0
      vertex 6.8 3 0
      vertex 6.8 -3 0
    endloop
  endfacet
  facet normal 1 0 0
    outer loop
      vertex 6.8 -3 0
      vertex 6.8 3 0
      vertex 6.8 -3 5
    endloop
  endfacet
  facet normal 1 0 0
    outer loop
      vertex 6.8 -3 5
      vertex 6.8 3 0
      vertex 6.8 -1.8793852415718169 4.315959713348662
    endloop
  endfacet
  facet normal 1 0 0
    outer loop
      vertex 6.8 3 0
      vertex 6.8 9.43689570931383e-16 5
      vertex 6.8 -1.8793852415718169 4.315959713348662
    endloop
  endfacet
  facet normal 0 1 0
    outer loop
      vertex -6.8 3 5
      vertex 6.8 3 5
      vertex 6.8 3 0
    endloop
  endfacet
  facet normal 1 0 0
    outer loop
      vertex 6.8 3 0
      vertex 6.8 3 5
      vertex 6.8 9.43689570931383e-16 5
    endloop
  endfacet
  facet normal 0 0 1
    outer loop
      vertex -6.8 3 5
      vertex 6.8 9.43689570931383e-16 5
      vertex 6.8 3 5
    endloop
  endfacet
endsolid OpenSCAD_Model
